42,35,46,46,10,6,68,6,14,35,10,6,37,9,35,24,23,6,26,34,2
35,46,46,10,6,68,6,14,35,10,6,37,9,35,24,23,6,26,34,24,2
46,46,10,6,68,6,14,35,10,6,37,9,35,24,23,6,26,34,24,44,2
46,10,6,68,6,14,35,10,6,37,9,35,24,23,6,26,34,24,44,34,2
10,6,68,6,14,35,10,6,37,9,35,24,23,6,26,34,24,44,34,22,2
6,68,6,14,35,10,6,37,9,35,24,23,6,26,34,24,44,34,22,43,2
68,6,14,35,10,6,37,9,35,24,23,6,26,34,24,44,34,22,43,38,2
6,14,35,10,6,37,9,35,24,23,6,26,34,24,44,34,22,43,38,8,2
14,35,10,6,37,9,35,24,23,6,26,34,24,44,34,22,43,38,8,44,2
35,10,6,37,9,35,24,23,6,26,34,24,44,34,22,43,38,8,44,6,2
10,6,37,9,35,24,23,6,26,34,24,44,34,22,43,38,8,44,6,59,2
6,37,9,35,24,23,6,26,34,24,44,34,22,43,38,8,44,6,59,6,2
37,9,35,24,23,6,26,34,24,44,34,22,43,38,8,44,6,59,6,14,2
9,35,24,23,6,26,34,24,44,34,22,43,38,8,44,6,59,6,14,24,2
35,24,23,6,26,34,24,44,34,22,43,38,8,44,6,59,6,14,24,8,2
24,23,6,26,34,24,44,34,22,43,38,8,44,6,59,6,14,24,8,52,2
23,6,26,34,24,44,34,22,43,38,8,44,6,59,6,14,24,8,52,52,2
6,26,34,24,44,34,22,43,38,8,44,6,59,6,14,24,8,52,52,8,2
26,34,24,44,34,22,43,38,8,44,6,59,6,14,24,8,52,52,8,25,2
34,24,44,34,22,43,38,8,44,6,59,6,14,24,8,52,52,8,25,13,2
24,44,34,22,43,38,8,44,6,59,6,14,24,8,52,52,8,25,13,6,2
44,34,22,43,38,8,44,6,59,6,14,24,8,52,52,8,25,13,6,51,2
34,22,43,38,8,44,6,59,6,14,24,8,52,52,8,25,13,6,51,34,2
22,43,38,8,44,6,59,6,14,24,8,52,52,8,25,13,6,51,34,35,2
43,38,8,44,6,59,6,14,24,8,52,52,8,25,13,6,51,34,35,22,2
38,8,44,6,59,6,14,24,8,52,52,8,25,13,6,51,34,35,22,23,2
8,44,6,59,6,14,24,8,52,52,8,25,13,6,51,34,35,22,23,29,2
44,6,59,6,14,24,8,52,52,8,25,13,6,51,34,35,22,23,29,13,2
6,59,6,14,24,8,52,52,8,25,13,6,51,34,35,22,23,29,13,6,2
59,6,14,24,8,52,52,8,25,13,6,51,34,35,22,23,29,13,6,42,2
6,14,24,8,52,52,8,25,13,6,51,34,35,22,23,29,13,6,42,35,2
14,24,8,52,52,8,25,13,6,51,34,35,22,23,29,13,6,42,35,24,2
24,8,52,52,8,25,13,6,51,34,35,22,23,29,13,6,42,35,24,34,2
8,52,52,8,25,13,6,51,34,35,22,23,29,13,6,42,35,24,34,61,2
52,52,8,25,13,6,51,34,35,22,23,29,13,6,42,35,24,34,61,35,2
52,8,25,13,6,51,34,35,22,23,29,13,6,42,35,24,34,61,35,22,2
8,25,13,6,51,34,35,22,23,29,13,6,42,35,24,34,61,35,22,6,2
25,13,6,51,34,35,22,23,29,13,6,42,35,24,34,61,35,22,6,42,2
13,6,51,34,35,22,23,29,13,6,42,35,24,34,61,35,22,6,42,35,2
6,51,34,35,22,23,29,13,6,42,35,24,34,61,35,22,6,42,35,46,2
51,34,35,22,23,29,13,6,42,35,24,34,61,35,22,6,42,35,46,46,2
34,35,22,23,29,13,6,42,35,24,34,61,35,22,6,42,35,46,46,10,2
35,22,23,29,13,6,42,35,24,34,61,35,22,6,42,35,46,46,10,13,2
22,23,29,13,6,42,35,24,34,61,35,22,6,42,35,46,46,10,13,6,2
23,29,13,6,42,35,24,34,61,35,22,6,42,35,46,46,10,13,6,49,2
29,13,6,42,35,24,34,61,35,22,6,42,35,46,46,10,13,6,49,52,2
13,6,42,35,24,34,61,35,22,6,42,35,46,46,10,13,6,49,52,34,2
6,42,35,24,34,61,35,22,6,42,35,46,46,10,13,6,49,52,34,8,2
42,35,24,34,61,35,22,6,42,35,46,46,10,13,6,49,52,34,8,29,2
35,24,34,61,35,22,6,42,35,46,46,10,13,6,49,52,34,8,29,66,2
24,34,61,35,22,6,42,35,46,46,10,13,6,49,52,34,8,29,66,66,2
34,61,35,22,6,42,35,46,46,10,13,6,49,52,34,8,29,66,66,66,2
61,35,22,6,42,35,46,46,10,13,6,49,52,34,8,29,66,66,66,6,2
35,22,6,42,35,46,46,10,13,6,49,52,34,8,29,66,66,66,6,42,2
22,6,42,35,46,46,10,13,6,49,52,34,8,29,66,66,66,6,42,35,2
6,42,35,46,46,10,13,6,49,52,34,8,29,66,66,66,6,42,35,44,2
42,35,46,46,10,13,6,49,52,34,8,29,66,66,66,6,42,35,44,23,2
35,46,46,10,13,6,49,52,34,8,29,66,66,66,6,42,35,44,23,6,2
46,46,10,13,6,49,52,34,8,29,66,66,66,6,42,35,44,23,6,49,2
46,10,13,6,49,52,34,8,29,66,66,66,6,42,35,44,23,6,49,46,2
10,13,6,49,52,34,8,29,66,66,66,6,42,35,44,23,6,49,46,35,2
13,6,49,52,34,8,29,66,66,66,6,42,35,44,23,6,49,46,35,27,2
6,49,52,34,8,29,66,66,66,6,42,35,44,23,6,49,46,35,27,9,2
49,52,34,8,29,66,66,66,6,42,35,44,23,6,49,46,35,27,9,6,2
52,34,8,29,66,66,66,6,42,35,44,23,6,49,46,35,27,9,6,41,2
34,8,29,66,66,66,6,42,35,44,23,6,49,46,35,27,9,6,41,25,2
8,29,66,66,66,6,42,35,44,23,6,49,46,35,27,9,6,41,25,6,2
29,66,66,66,6,42,35,44,23,6,49,46,35,27,9,6,41,25,6,37,2
66,66,66,6,42,35,44,23,6,49,46,35,27,9,6,41,25,6,37,23,2
66,66,6,42,35,44,23,6,49,46,35,27,9,6,41,25,6,37,23,24,2
66,6,42,35,44,23,6,49,46,35,27,9,6,41,25,6,37,23,24,31,2
6,42,35,44,23,6,49,46,35,27,9,6,41,25,6,37,23,24,31,34,2
42,35,44,23,6,49,46,35,27,9,6,41,25,6,37,23,24,31,34,57,2
35,44,23,6,49,46,35,27,9,6,41,25,6,37,23,24,31,34,57,23,2
44,23,6,49,46,35,27,9,6,41,25,6,37,23,24,31,34,57,23,25,2
23,6,49,46,35,27,9,6,41,25,6,37,23,24,31,34,57,23,25,6,2
6,49,46,35,27,9,6,41,25,6,37,23,24,31,34,57,23,25,6,58,2
49,46,35,27,9,6,41,25,6,37,23,24,31,34,57,23,25,6,58,8,2
46,35,27,9,6,41,25,6,37,23,24,31,34,57,23,25,6,58,8,29,2
35,27,9,6,41,25,6,37,23,24,31,34,57,23,25,6,58,8,29,29,2
27,9,6,41,25,6,37,23,24,31,34,57,23,25,6,58,8,29,29,23,2
9,6,41,25,6,37,23,24,31,34,57,23,25,6,58,8,29,29,23,24,2
6,41,25,6,37,23,24,31,34,57,23,25,6,58,8,29,29,23,24,10,2
41,25,6,37,23,24,31,34,57,23,25,6,58,8,29,29,23,24,10,6,2
25,6,37,23,24,31,34,57,23,25,6,58,8,29,29,23,24,10,6,45,2
6,37,23,24,31,34,57,23,25,6,58,8,29,29,23,24,10,6,45,23,2
37,23,24,31,34,57,23,25,6,58,8,29,29,23,24,10,6,45,23,31,2
23,24,31,34,57,23,25,6,58,8,29,29,23,24,10,6,45,23,31,34,2
24,31,34,57,23,25,6,58,8,29,29,23,24,10,6,45,23,31,34,23,2
31,34,57,23,25,6,58,8,29,29,23,24,10,6,45,23,31,34,23,12,2
34,57,23,25,6,58,8,29,29,23,24,10,6,45,23,31,34,23,12,25,2
57,23,25,6,58,8,29,29,23,24,10,6,45,23,31,34,23,12,25,6,2
23,25,6,58,8,29,29,23,24,10,6,45,23,31,34,23,12,25,6,36,2
25,6,58,8,29,29,23,24,10,6,45,23,31,34,23,12,25,6,36,35,2
6,58,8,29,29,23,24,10,6,45,23,31,34,23,12,25,6,36,35,22,2
58,8,29,29,23,24,10,6,45,23,31,34,23,12,25,6,36,35,22,9,2
8,29,29,23,24,10,6,45,23,31,34,23,12,25,6,36,35,22,9,8,2
29,29,23,24,10,6,45,23,31,34,23,12,25,6,36,35,22,9,8,57,2
29,23,24,10,6,45,23,31,34,23,12,25,6,36,35,22,9,8,57,9,2
23,24,10,6,45,23,31,34,23,12,25,6,36,35,22,9,8,57,9,6,2
24,10,6,45,23,31,34,23,12,25,6,36,35,22,9,8,57,9,6,41,2
10,6,45,23,31,34,23,12,25,6,36,35,22,9,8,57,9,6,41,25,2
6,45,23,31,34,23,12,25,6,36,35,22,9,8,57,9,6,41,25,6,2
45,23,31,34,23,12,25,6,36,35,22,9,8,57,9,6,41,25,6,55,2
23,31,34,23,12,25,6,36,35,22,9,8,57,9,6,41,25,6,55,8,2
31,34,23,12,25,6,36,35,22,9,8,57,9,6,41,25,6,55,8,56,2
34,23,12,25,6,36,35,22,9,8,57,9,6,41,25,6,55,8,56,6,2
23,12,25,6,36,35,22,9,8,57,9,6,41,25,6,55,8,56,6,47,2
12,25,6,36,35,22,9,8,57,9,6,41,25,6,55,8,56,6,47,35,2
25,6,36,35,22,9,8,57,9,6,41,25,6,55,8,56,6,47,35,27,2
6,36,35,22,9,8,57,9,6,41,25,6,55,8,56,6,47,35,27,22,2
36,35,22,9,8,57,9,6,41,25,6,55,8,56,6,47,35,27,22,9,2
35,22,9,8,57,9,6,41,25,6,55,8,56,6,47,35,27,22,9,8,2
22,9,8,57,9,6,41,25,6,55,8,56,6,47,35,27,22,9,8,34,2
9,8,57,9,6,41,25,6,55,8,56,6,47,35,27,22,9,8,34,22,2
8,57,9,6,41,25,6,55,8,56,6,47,35,27,22,9,8,34,22,6,2
57,9,6,41,25,6,55,8,56,6,47,35,27,22,9,8,34,22,6,42,2
9,6,41,25,6,55,8,56,6,47,35,27,22,9,8,34,22,6,42,35,2
6,41,25,6,55,8,56,6,47,35,27,22,9,8,34,22,6,42,35,46,2
41,25,6,55,8,56,6,47,35,27,22,9,8,34,22,6,42,35,46,46,2
25,6,55,8,56,6,47,35,27,22,9,8,34,22,6,42,35,46,46,34,2
6,55,8,56,6,47,35,27,22,9,8,34,22,6,42,35,46,46,34,23,2
55,8,56,6,47,35,27,22,9,8,34,22,6,42,35,46,46,34,23,25,2
8,56,6,47,35,27,22,9,8,34,22,6,42,35,46,46,34,23,25,6,2
56,6,47,35,27,22,9,8,34,22,6,42,35,46,46,34,23,25,6,68,2
6,47,35,27,22,9,8,34,22,6,42,35,46,46,34,23,25,6,68,6,2
47,35,27,22,9,8,34,22,6,42,35,46,46,34,23,25,6,68,6,14,2
35,27,22,9,8,34,22,6,42,35,46,46,34,23,25,6,68,6,14,35,2
27,22,9,8,34,22,6,42,35,46,46,34,23,25,6,68,6,14,35,10,2
22,9,8,34,22,6,42,35,46,46,34,23,25,6,68,6,14,35,10,25,2
9,8,34,22,6,42,35,46,46,34,23,25,6,68,6,14,35,10,25,6,2
8,34,22,6,42,35,46,46,34,23,25,6,68,6,14,35,10,25,6,39,2
34,22,6,42,35,46,46,34,23,25,6,68,6,14,35,10,25,6,39,23,2
22,6,42,35,46,46,34,23,25,6,68,6,14,35,10,25,6,39,23,29,2
6,42,35,46,46,34,23,25,6,68,6,14,35,10,25,6,39,23,29,57,2
42,35,46,46,34,23,25,6,68,6,14,35,10,25,6,39,23,29,57,35,2
35,46,46,34,23,25,6,68,6,14,35,10,25,6,39,23,29,57,35,44,2
46,46,34,23,25,6,68,6,14,35,10,25,6,39,23,29,57,35,44,23,2
46,34,23,25,6,68,6,14,35,10,25,6,39,23,29,57,35,44,23,6,2
34,23,25,6,68,6,14,35,10,25,6,39,23,29,57,35,44,23,6,9,2
23,25,6,68,6,14,35,10,25,6,39,23,29,57,35,44,23,6,9,35,2
25,6,68,6,14,35,10,25,6,39,23,29,57,35,44,23,6,9,35,6,2
6,68,6,14,35,10,25,6,39,23,29,57,35,44,23,6,9,35,6,55,2
68,6,14,35,10,25,6,39,23,29,57,35,44,23,6,9,35,6,55,8,2
6,14,35,10,25,6,39,23,29,57,35,44,23,6,9,35,6,55,8,56,2
14,35,10,25,6,39,23,29,57,35,44,23,6,9,35,6,55,8,56,6,2
35,10,25,6,39,23,29,57,35,44,23,6,9,35,6,55,8,56,6,47,2
10,25,6,39,23,29,57,35,44,23,6,9,35,6,55,8,56,6,47,35,2
25,6,39,23,29,57,35,44,23,6,9,35,6,55,8,56,6,47,35,27,2
6,39,23,29,57,35,44,23,6,9,35,6,55,8,56,6,47,35,27,22,2
39,23,29,57,35,44,23,6,9,35,6,55,8,56,6,47,35,27,22,9,2
23,29,57,35,44,23,6,9,35,6,55,8,56,6,47,35,27,22,9,8,2
29,57,35,44,23,6,9,35,6,55,8,56,6,47,35,27,22,9,8,34,2
57,35,44,23,6,9,35,6,55,8,56,6,47,35,27,22,9,8,34,22,2
35,44,23,6,9,35,6,55,8,56,6,47,35,27,22,9,8,34,22,6,2
44,23,6,9,35,6,55,8,56,6,47,35,27,22,9,8,34,22,6,42,2
23,6,9,35,6,55,8,56,6,47,35,27,22,9,8,34,22,6,42,35,2
6,9,35,6,55,8,56,6,47,35,27,22,9,8,34,22,6,42,35,46,2
9,35,6,55,8,56,6,47,35,27,22,9,8,34,22,6,42,35,46,46,2
35,6,55,8,56,6,47,35,27,22,9,8,34,22,6,42,35,46,46,34,2
6,55,8,56,6,47,35,27,22,9,8,34,22,6,42,35,46,46,34,23,2
55,8,56,6,47,35,27,22,9,8,34,22,6,42,35,46,46,34,23,25,2
8,56,6,47,35,27,22,9,8,34,22,6,42,35,46,46,34,23,25,6,2
56,6,47,35,27,22,9,8,34,22,6,42,35,46,46,34,23,25,6,68,2
6,47,35,27,22,9,8,34,22,6,42,35,46,46,34,23,25,6,68,6,2
47,35,27,22,9,8,34,22,6,42,35,46,46,34,23,25,6,68,6,14,2
35,27,22,9,8,34,22,6,42,35,46,46,34,23,25,6,68,6,14,35,2
27,22,9,8,34,22,6,42,35,46,46,34,23,25,6,68,6,14,35,10,2
22,9,8,34,22,6,42,35,46,46,34,23,25,6,68,6,14,35,10,25,2
9,8,34,22,6,42,35,46,46,34,23,25,6,68,6,14,35,10,25,6,2
8,34,22,6,42,35,46,46,34,23,25,6,68,6,14,35,10,25,6,35,2
34,22,6,42,35,46,46,34,23,25,6,68,6,14,35,10,25,6,35,22,2
22,6,42,35,46,46,34,23,25,6,68,6,14,35,10,25,6,35,22,29,2
6,42,35,46,46,34,23,25,6,68,6,14,35,10,25,6,35,22,29,34,2
42,35,46,46,34,23,25,6,68,6,14,35,10,25,6,35,22,29,34,22,2
35,46,46,34,23,25,6,68,6,14,35,10,25,6,35,22,29,34,22,23,2
46,46,34,23,25,6,68,6,14,35,10,25,6,35,22,29,34,22,23,0,2
46,34,23,25,6,68,6,14,35,10,25,6,35,22,29,34,22,23,0,74,2
34,23,25,6,68,6,14,35,10,25,6,35,22,29,34,22,23,0,74,6,2
23,25,6,68,6,14,35,10,25,6,35,22,29,34,22,23,0,74,6,37,2
25,6,68,6,14,35,10,25,6,35,22,29,34,22,23,0,74,6,37,23,2
6,68,6,14,35,10,25,6,35,22,29,34,22,23,0,74,6,37,23,24,2
68,6,14,35,10,25,6,35,22,29,34,22,23,0,74,6,37,23,24,31,2
6,14,35,10,25,6,35,22,29,34,22,23,0,74,6,37,23,24,31,34,2
14,35,10,25,6,35,22,29,34,22,23,0,74,6,37,23,24,31,34,22,2
35,10,25,6,35,22,29,34,22,23,0,74,6,37,23,24,31,34,22,43,2
10,25,6,35,22,29,34,22,23,0,74,6,37,23,24,31,34,22,43,74,2
25,6,35,22,29,34,22,23,0,74,6,37,23,24,31,34,22,43,74,26,2
6,35,22,29,34,22,23,0,74,6,37,23,24,31,34,22,43,74,26,34,2
35,22,29,34,22,23,0,74,6,37,23,24,31,34,22,43,74,26,34,24,2
22,29,34,22,23,0,74,6,37,23,24,31,34,22,43,74,26,34,24,44,2
29,34,22,23,0,74,6,37,23,24,31,34,22,43,74,26,34,24,44,34,2
34,22,23,0,74,6,37,23,24,31,34,22,43,74,26,34,24,44,34,22,2
22,23,0,74,6,37,23,24,31,34,22,43,74,26,34,24,44,34,22,43,2
23,0,74,6,37,23,24,31,34,22,43,74,26,34,24,44,34,22,43,38,2
0,74,6,37,23,24,31,34,22,43,74,26,34,24,44,34,22,43,38,8,2
74,6,37,23,24,31,34,22,43,74,26,34,24,44,34,22,43,38,8,44,2
6,37,23,24,31,34,22,43,74,26,34,24,44,34,22,43,38,8,44,13,2
37,23,24,31,34,22,43,74,26,34,24,44,34,22,43,38,8,44,13,74,2
23,24,31,34,22,43,74,26,34,24,44,34,22,43,38,8,44,13,74,14,2
24,31,34,22,43,74,26,34,24,44,34,22,43,38,8,44,13,74,14,27,2
31,34,22,43,74,26,34,24,44,34,22,43,38,8,44,13,74,14,27,25,2
34,22,43,74,26,34,24,44,34,22,43,38,8,44,13,74,14,27,25,57,2
22,43,74,26,34,24,44,34,22,43,38,8,44,13,74,14,27,25,57,8,2
43,74,26,34,24,44,34,22,43,38,8,44,13,74,14,27,25,57,8,29,2
74,26,34,24,44,34,22,43,38,8,44,13,74,14,27,25,57,8,29,35,2
26,34,24,44,34,22,43,38,8,44,13,74,14,27,25,57,8,29,35,35,2
34,24,44,34,22,43,38,8,44,13,74,14,27,25,57,8,29,35,35,25,2
24,44,34,22,43,38,8,44,13,74,14,27,25,57,8,29,35,35,25,8,2
44,34,22,43,38,8,44,13,74,14,27,25,57,8,29,35,35,25,8,13,2
34,22,43,38,8,44,13,74,14,27,25,57,8,29,35,35,25,8,13,6,2
22,43,38,8,44,13,74,14,27,25,57,8,29,35,35,25,8,13,6,8,2
43,38,8,44,13,74,14,27,25,57,8,29,35,35,25,8,13,6,8,22,2
38,8,44,13,74,14,27,25,57,8,29,35,35,25,8,13,6,8,22,32,2
8,44,13,74,14,27,25,57,8,29,35,35,25,8,13,6,8,22,32,74,2
44,13,74,14,27,25,57,8,29,35,35,25,8,13,6,8,22,32,74,47,2
13,74,14,27,25,57,8,29,35,35,25,8,13,6,8,22,32,74,47,35,2
74,14,27,25,57,8,29,35,35,25,8,13,6,8,22,32,74,47,35,22,2
14,27,25,57,8,29,35,35,25,8,13,6,8,22,32,74,47,35,22,9,2
27,25,57,8,29,35,35,25,8,13,6,8,22,32,74,47,35,22,9,43,2
25,57,8,29,35,35,25,8,13,6,8,22,32,74,47,35,22,9,43,35,2
57,8,29,35,35,25,8,13,6,8,22,32,74,47,35,22,9,43,35,44,2
8,29,35,35,25,8,13,6,8,22,32,74,47,35,22,9,43,35,44,23,2
29,35,35,25,8,13,6,8,22,32,74,47,35,22,9,43,35,44,23,24,2
35,35,25,8,13,6,8,22,32,74,47,35,22,9,43,35,44,23,24,10,2
35,25,8,13,6,8,22,32,74,47,35,22,9,43,35,44,23,24,10,6,2
25,8,13,6,8,22,32,74,47,35,22,9,43,35,44,23,24,10,6,49,2
8,13,6,8,22,32,74,47,35,22,9,43,35,44,23,24,10,6,49,51,2
13,6,8,22,32,74,47,35,22,9,43,35,44,23,24,10,6,49,51,74,2
6,8,22,32,74,47,35,22,9,43,35,44,23,24,10,6,49,51,74,8,2
8,22,32,74,47,35,22,9,43,35,44,23,24,10,6,49,51,74,8,24,2
22,32,74,47,35,22,9,43,35,44,23,24,10,6,49,51,74,8,24,23,2
32,74,47,35,22,9,43,35,44,23,24,10,6,49,51,74,8,24,23,8,2
74,47,35,22,9,43,35,44,23,24,10,6,49,51,74,8,24,23,8,25,2
47,35,22,9,43,35,44,23,24,10,6,49,51,74,8,24,23,8,25,66,2
35,22,9,43,35,44,23,24,10,6,49,51,74,8,24,23,8,25,66,74,2
22,9,43,35,44,23,24,10,6,49,51,74,8,24,23,8,25,66,74,6,2
9,43,35,44,23,24,10,6,49,51,74,8,24,23,8,25,66,74,6,39,2
43,35,44,23,24,10,6,49,51,74,8,24,23,8,25,66,74,6,39,23,2
35,44,23,24,10,6,49,51,74,8,24,23,8,25,66,74,6,39,23,6,2
44,23,24,10,6,49,51,74,8,24,23,8,25,66,74,6,39,23,6,57,2
23,24,10,6,49,51,74,8,24,23,8,25,66,74,6,39,23,6,57,8,2
24,10,6,49,51,74,8,24,23,8,25,66,74,6,39,23,6,57,8,24,2
10,6,49,51,74,8,24,23,8,25,66,74,6,39,23,6,57,8,24,24,2
6,49,51,74,8,24,23,8,25,66,74,6,39,23,6,57,8,24,24,10,2
49,51,74,8,24,23,8,25,66,74,6,39,23,6,57,8,24,24,10,6,2
51,74,8,24,23,8,25,66,74,6,39,23,6,57,8,24,24,10,6,8,2
74,8,24,23,8,25,66,74,6,39,23,6,57,8,24,24,10,6,8,29,2
8,24,23,8,25,66,74,6,39,23,6,57,8,24,24,10,6,8,29,29,2
24,23,8,25,66,74,6,39,23,6,57,8,24,24,10,6,8,29,29,6,2
23,8,25,66,74,6,39,23,6,57,8,24,24,10,6,8,29,29,6,10,2
8,25,66,74,6,39,23,6,57,8,24,24,10,6,8,29,29,6,10,35,2
25,66,74,6,39,23,6,57,8,24,24,10,6,8,29,29,6,10,35,27,2
66,74,6,39,23,6,57,8,24,24,10,6,8,29,29,6,10,35,27,24,2
74,6,39,23,6,57,8,24,24,10,6,8,29,29,6,10,35,27,24,6,2
6,39,23,6,57,8,24,24,10,6,8,29,29,6,10,35,27,24,6,28,2
39,23,6,57,8,24,24,10,6,8,29,29,6,10,35,27,24,6,28,8,2
23,6,57,8,24,24,10,6,8,29,29,6,10,35,27,24,6,28,8,31,2
6,57,8,24,24,10,6,8,29,29,6,10,35,27,24,6,28,8,31,35,2
57,8,24,24,10,6,8,29,29,6,10,35,27,24,6,28,8,31,35,24,2
8,24,24,10,6,8,29,29,6,10,35,27,24,6,28,8,31,35,24,34,2
24,24,10,6,8,29,29,6,10,35,27,24,6,28,8,31,35,24,34,9,2
24,10,6,8,29,29,6,10,35,27,24,6,28,8,31,35,24,34,9,23,2
10,6,8,29,29,6,10,35,27,24,6,28,8,31,35,24,34,9,23,6,2
6,8,29,29,6,10,35,27,24,6,28,8,31,35,24,34,9,23,6,30,2
8,29,29,6,10,35,27,24,6,28,8,31,35,24,34,9,23,6,30,24,2
29,29,6,10,35,27,24,6,28,8,31,35,24,34,9,23,6,30,24,35,2
29,6,10,35,27,24,6,28,8,31,35,24,34,9,23,6,30,24,35,22,2
6,10,35,27,24,6,28,8,31,35,24,34,9,23,6,30,24,35,22,23,2
10,35,27,24,6,28,8,31,35,24,34,9,23,6,30,24,35,22,23,25,2
35,27,24,6,28,8,31,35,24,34,9,23,6,30,24,35,22,23,25,13,2
27,24,6,28,8,31,35,24,34,9,23,6,30,24,35,22,23,25,13,74,2
24,6,28,8,31,35,24,34,9,23,6,30,24,35,22,23,25,13,74,45,2
6,28,8,31,35,24,34,9,23,6,30,24,35,22,23,25,13,74,45,36,2
28,8,31,35,24,34,9,23,6,30,24,35,22,23,25,13,74,45,36,6,2
8,31,35,24,34,9,23,6,30,24,35,22,23,25,13,74,45,36,6,36,2
31,35,24,34,9,23,6,30,24,35,22,23,25,13,74,45,36,6,36,8,2
35,24,34,9,23,6,30,24,35,22,23,25,13,74,45,36,6,36,8,24,2
24,34,9,23,6,30,24,35,22,23,25,13,74,45,36,6,36,8,24,25,2
34,9,23,6,30,24,35,22,23,25,13,74,45,36,6,36,8,24,25,13,2
9,23,6,30,24,35,22,23,25,13,74,45,36,6,36,8,24,25,13,74,2
23,6,30,24,35,22,23,25,13,74,45,36,6,36,8,24,25,13,74,47,2
6,30,24,35,22,23,25,13,74,45,36,6,36,8,24,25,13,74,47,35,2
30,24,35,22,23,25,13,74,45,36,6,36,8,24,25,13,74,47,35,32,2
24,35,22,23,25,13,74,45,36,6,36,8,24,25,13,74,47,35,32,23,2
35,22,23,25,13,74,45,36,6,36,8,24,25,13,74,47,35,32,23,29,2
22,23,25,13,74,45,36,6,36,8,24,25,13,74,47,35,32,23,29,6,2
23,25,13,74,45,36,6,36,8,24,25,13,74,47,35,32,23,29,6,14,2
25,13,74,45,36,6,36,8,24,25,13,74,47,35,32,23,29,6,14,24,2
13,74,45,36,6,36,8,24,25,13,74,47,35,32,23,29,6,14,24,8,2
74,45,36,6,36,8,24,25,13,74,47,35,32,23,29,6,14,24,8,34,2
45,36,6,36,8,24,25,13,74,47,35,32,23,29,6,14,24,8,34,22,2
36,6,36,8,24,25,13,74,47,35,32,23,29,6,14,24,8,34,22,25,2
6,36,8,24,25,13,74,47,35,32,23,29,6,14,24,8,34,22,25,13,2
36,8,24,25,13,74,47,35,32,23,29,6,14,24,8,34,22,25,13,6,2
8,24,25,13,74,47,35,32,23,29,6,14,24,8,34,22,25,13,6,26,2
24,25,13,74,47,35,32,23,29,6,14,24,8,34,22,25,13,6,26,35,2
25,13,74,47,35,32,23,29,6,14,24,8,34,22,25,13,6,26,35,8,2
13,74,47,35,32,23,29,6,14,24,8,34,22,25,13,6,26,35,8,9,2
74,47,35,32,23,29,6,14,24,8,34,22,25,13,6,26,35,8,9,25,2
47,35,32,23,29,6,14,24,8,34,22,25,13,6,26,35,8,9,25,13,2
35,32,23,29,6,14,24,8,34,22,25,13,6,26,35,8,9,25,13,6,2
32,23,29,6,14,24,8,34,22,25,13,6,26,35,8,9,25,13,6,8,2
23,29,6,14,24,8,34,22,25,13,6,26,35,8,9,25,13,6,8,22,2
29,6,14,24,8,34,22,25,13,6,26,35,8,9,25,13,6,8,22,32,2
6,14,24,8,34,22,25,13,6,26,35,8,9,25,13,6,8,22,32,6,2
14,24,8,34,22,25,13,6,26,35,8,9,25,13,6,8,22,32,6,44,2
24,8,34,22,25,13,6,26,35,8,9,25,13,6,8,22,32,6,44,35,2
8,34,22,25,13,6,26,35,8,9,25,13,6,8,22,32,6,44,35,24,2
34,22,25,13,6,26,35,8,9,25,13,6,8,22,32,6,44,35,24,23,2
22,25,13,6,26,35,8,9,25,13,6,8,22,32,6,44,35,24,23,66,2
25,13,6,26,35,8,9,25,13,6,8,22,32,6,44,35,24,23,66,74,2
13,6,26,35,8,9,25,13,6,8,22,32,6,44,35,24,23,66,74,6,2
6,26,35,8,9,25,13,6,8,22,32,6,44,35,24,23,66,74,6,39,2
26,35,8,9,25,13,6,8,22,32,6,44,35,24,23,66,74,6,39,23,2
35,8,9,25,13,6,8,22,32,6,44,35,24,23,66,74,6,39,23,6,2
8,9,25,13,6,8,22,32,6,44,35,24,23,66,74,6,39,23,6,8,2
9,25,13,6,8,22,32,6,44,35,24,23,66,74,6,39,23,6,8,29,2
25,13,6,8,22,32,6,44,35,24,23,66,74,6,39,23,6,8,29,25,2
13,6,8,22,32,6,44,35,24,23,66,74,6,39,23,6,8,29,25,35,2
6,8,22,32,6,44,35,24,23,66,74,6,39,23,6,8,29,25,35,6,2
8,22,32,6,44,35,24,23,66,74,6,39,23,6,8,29,25,35,6,38,2
22,32,6,44,35,24,23,66,74,6,39,23,6,8,29,25,35,6,38,8,2
32,6,44,35,24,23,66,74,6,39,23,6,8,29,25,35,6,38,8,31,2
6,44,35,24,23,66,74,6,39,23,6,8,29,25,35,6,38,8,31,23,2
44,35,24,23,66,74,6,39,23,6,8,29,25,35,6,38,8,31,23,6,2
35,24,23,66,74,6,39,23,6,8,29,25,35,6,38,8,31,23,6,8,2
24,23,66,74,6,39,23,6,8,29,25,35,6,38,8,31,23,6,8,74,2
23,66,74,6,39,23,6,8,29,25,35,6,38,8,31,23,6,8,74,54,2
66,74,6,39,23,6,8,29,25,35,6,38,8,31,23,6,8,74,54,8,2
74,6,39,23,6,8,29,25,35,6,38,8,31,23,6,8,74,54,8,24,2
6,39,23,6,8,29,25,35,6,38,8,31,23,6,8,74,54,8,24,9,2
39,23,6,8,29,25,35,6,38,8,31,23,6,8,74,54,8,24,9,25,2
23,6,8,29,25,35,6,38,8,31,23,6,8,74,54,8,24,9,25,6,2
6,8,29,25,35,6,38,8,31,23,6,8,74,54,8,24,9,25,6,8,2
8,29,25,35,6,38,8,31,23,6,8,74,54,8,24,9,25,6,8,22,2
29,25,35,6,38,8,31,23,6,8,74,54,8,24,9,25,6,8,22,32,2
25,35,6,38,8,31,23,6,8,74,54,8,24,9,25,6,8,22,32,6,2
35,6,38,8,31,23,6,8,74,54,8,24,9,25,6,8,22,32,6,25,2
6,38,8,31,23,6,8,74,54,8,24,9,25,6,8,22,32,6,25,23,2
38,8,31,23,6,8,74,54,8,24,9,25,6,8,22,32,6,25,23,24,2
8,31,23,6,8,74,54,8,24,9,25,6,8,22,32,6,25,23,24,31,2
31,23,6,8,74,54,8,24,9,25,6,8,22,32,6,25,23,24,31,34,2
23,6,8,74,54,8,24,9,25,6,8,22,32,6,25,23,24,31,34,57,2
6,8,74,54,8,24,9,25,6,8,22,32,6,25,23,24,31,34,57,23,2
8,74,54,8,24,9,25,6,8,22,32,6,25,23,24,31,34,57,23,6,2
74,54,8,24,9,25,6,8,22,32,6,25,23,24,31,34,57,23,6,25,2
54,8,24,9,25,6,8,22,32,6,25,23,24,31,34,57,23,6,25,38,2
8,24,9,25,6,8,22,32,6,25,23,24,31,34,57,23,6,25,38,35,2
24,9,25,6,8,22,32,6,25,23,24,31,34,57,23,6,25,38,35,54,2
9,25,6,8,22,32,6,25,23,24,31,34,57,23,6,25,38,35,54,74,2
25,6,8,22,32,6,25,23,24,31,34,57,23,6,25,38,35,54,74,34,2
6,8,22,32,6,25,23,24,31,34,57,23,6,25,38,35,54,74,34,22,2
8,22,32,6,25,23,24,31,34,57,23,6,25,38,35,54,74,34,22,59,2
22,32,6,25,23,24,31,34,57,23,6,25,38,35,54,74,34,22,59,38,2
32,6,25,23,24,31,34,57,23,6,25,38,35,54,74,34,22,59,38,35,2
6,25,23,24,31,34,57,23,6,25,38,35,54,74,34,22,59,38,35,27,2
25,23,24,31,34,57,23,6,25,38,35,54,74,34,22,59,38,35,27,25,2
23,24,31,34,57,23,6,25,38,35,54,74,34,22,59,38,35,27,25,23,2
24,31,34,57,23,6,25,38,35,54,74,34,22,59,38,35,27,25,23,6,2
31,34,57,23,6,25,38,35,54,74,34,22,59,38,35,27,25,23,6,24,2
34,57,23,6,25,38,35,54,74,34,22,59,38,35,27,25,23,6,24,23,2
57,23,6,25,38,35,54,74,34,22,59,38,35,27,25,23,6,24,23,8,2
23,6,25,38,35,54,74,34,22,59,38,35,27,25,23,6,24,23,8,32,2
6,25,38,35,54,74,34,22,59,38,35,27,25,23,6,24,23,8,32,10,2
25,38,35,54,74,34,22,59,38,35,27,25,23,6,24,23,8,32,10,6,2
38,35,54,74,34,22,59,38,35,27,25,23,6,24,23,8,32,10,6,9,2
35,54,74,34,22,59,38,35,27,25,23,6,24,23,8,32,10,6,9,35,2
54,74,34,22,59,38,35,27,25,23,6,24,23,8,32,10,6,9,35,6,2
74,34,22,59,38,35,27,25,23,6,24,23,8,32,10,6,9,35,6,38,2
34,22,59,38,35,27,25,23,6,24,23,8,32,10,6,9,35,6,38,23,2
22,59,38,35,27,25,23,6,24,23,8,32,10,6,9,35,6,38,23,29,2
59,38,35,27,25,23,6,24,23,8,32,10,6,9,35,6,38,23,29,54,2
38,35,27,25,23,6,24,23,8,32,10,6,9,35,6,38,23,29,54,6,2
35,27,25,23,6,24,23,8,32,10,6,9,35,6,38,23,29,54,6,8,2
27,25,23,6,24,23,8,32,10,6,9,35,6,38,23,29,54,6,8,22,2
25,23,6,24,23,8,32,10,6,9,35,6,38,23,29,54,6,8,22,10,2
23,6,24,23,8,32,10,6,9,35,6,38,23,29,54,6,8,22,10,9,2
6,24,23,8,32,10,6,9,35,6,38,23,29,54,6,8,22,10,9,34,2
24,23,8,32,10,6,9,35,6,38,23,29,54,6,8,22,10,9,34,44,2
23,8,32,10,6,9,35,6,38,23,29,54,6,8,22,10,9,34,44,23,2
8,32,10,6,9,35,6,38,23,29,54,6,8,22,10,9,34,44,23,6,2
32,10,6,9,35,6,38,23,29,54,6,8,22,10,9,34,44,23,6,10,2
10,6,9,35,6,38,23,29,54,6,8,22,10,9,34,44,23,6,10,35,2
6,9,35,6,38,23,29,54,6,8,22,10,9,34,44,23,6,10,35,27,2
9,35,6,38,23,29,54,6,8,22,10,9,34,44,23,6,10,35,27,6,2
35,6,38,23,29,54,6,8,22,10,9,34,44,23,6,10,35,27,6,22,2
6,38,23,29,54,6,8,22,10,9,34,44,23,6,10,35,27,6,22,23,2
38,23,29,54,6,8,22,10,9,34,44,23,6,10,35,27,6,22,23,23,2
23,29,54,6,8,22,10,9,34,44,23,6,10,35,27,6,22,23,23,32,2
29,54,6,8,22,10,9,34,44,23,6,10,35,27,6,22,23,23,32,6,2
54,6,8,22,10,9,34,44,23,6,10,35,27,6,22,23,23,32,6,27,2
6,8,22,10,9,34,44,23,6,10,35,27,6,22,23,23,32,6,27,25,2
8,22,10,9,34,44,23,6,10,35,27,6,22,23,23,32,6,27,25,66,2
22,10,9,34,44,23,6,10,35,27,6,22,23,23,32,6,27,25,66,6,2
10,9,34,44,23,6,10,35,27,6,22,23,23,32,6,27,25,66,6,11,2
9,34,44,23,6,10,35,27,6,22,23,23,32,6,27,25,66,6,11,50,2
34,44,23,6,10,35,27,6,22,23,23,32,6,27,25,66,6,11,50,49,2
44,23,6,10,35,27,6,22,23,23,32,6,27,25,66,6,11,50,49,14,2
23,6,10,35,27,6,22,23,23,32,6,27,25,66,6,11,50,49,14,41,2
6,10,35,27,6,22,23,23,32,6,27,25,66,6,11,50,49,14,41,45,2
10,35,27,6,22,23,23,32,6,27,25,66,6,11,50,49,14,41,45,50,2
35,27,6,22,23,23,32,6,27,25,66,6,11,50,49,14,41,45,50,30,2
27,6,22,23,23,32,6,27,25,66,6,11,50,49,14,41,45,50,30,6,2
6,22,23,23,32,6,27,25,66,6,11,50,49,14,41,45,50,30,6,26,2
22,23,23,32,6,27,25,66,6,11,50,49,14,41,45,50,30,6,26,45,2
23,23,32,6,27,25,66,6,11,50,49,14,41,45,50,30,6,26,45,49,2
23,32,6,27,25,66,6,11,50,49,14,41,45,50,30,6,26,45,49,20,2
32,6,27,25,66,6,11,50,49,14,41,45,50,30,6,26,45,49,20,30,2
6,27,25,66,6,11,50,49,14,41,45,50,30,6,26,45,49,20,30,37,2
27,25,66,6,11,50,49,14,41,45,50,30,6,26,45,49,20,30,37,6,2
25,66,6,11,50,49,14,41,45,50,30,6,26,45,49,20,30,37,6,14,2
66,6,11,50,49,14,41,45,50,30,6,26,45,49,20,30,37,6,14,24,2
6,11,50,49,14,41,45,50,30,6,26,45,49,20,30,37,6,14,24,8,2
11,50,49,14,41,45,50,30,6,26,45,49,20,30,37,6,14,24,8,52,2
50,49,14,41,45,50,30,6,26,45,49,20,30,37,6,14,24,8,52,52,2
49,14,41,45,50,30,6,26,45,49,20,30,37,6,14,24,8,52,52,8,2
14,41,45,50,30,6,26,45,49,20,30,37,6,14,24,8,52,52,8,25,2
41,45,50,30,6,26,45,49,20,30,37,6,14,24,8,52,52,8,25,13,2
45,50,30,6,26,45,49,20,30,37,6,14,24,8,52,52,8,25,13,6,2
50,30,6,26,45,49,20,30,37,6,14,24,8,52,52,8,25,13,6,51,2
30,6,26,45,49,20,30,37,6,14,24,8,52,52,8,25,13,6,51,34,2
6,26,45,49,20,30,37,6,14,24,8,52,52,8,25,13,6,51,34,35,2
26,45,49,20,30,37,6,14,24,8,52,52,8,25,13,6,51,34,35,22,2
45,49,20,30,37,6,14,24,8,52,52,8,25,13,6,51,34,35,22,23,2
49,20,30,37,6,14,24,8,52,52,8,25,13,6,51,34,35,22,23,29,2
20,30,37,6,14,24,8,52,52,8,25,13,6,51,34,35,22,23,29,6,2
30,37,6,14,24,8,52,52,8,25,13,6,51,34,35,22,23,29,6,14,2
37,6,14,24,8,52,52,8,25,13,6,51,34,35,22,23,29,6,14,24,2
6,14,24,8,52,52,8,25,13,6,51,34,35,22,23,29,6,14,24,8,2
14,24,8,52,52,8,25,13,6,51,34,35,22,23,29,6,14,24,8,34,2
24,8,52,52,8,25,13,6,51,34,35,22,23,29,6,14,24,8,34,22,2
8,52,52,8,25,13,6,51,34,35,22,23,29,6,14,24,8,34,22,25,2
52,52,8,25,13,6,51,34,35,22,23,29,6,14,24,8,34,22,25,13,2
52,8,25,13,6,51,34,35,22,23,29,6,14,24,8,34,22,25,13,6,2
8,25,13,6,51,34,35,22,23,29,6,14,24,8,34,22,25,13,6,42,2
25,13,6,51,34,35,22,23,29,6,14,24,8,34,22,25,13,6,42,35,2
13,6,51,34,35,22,23,29,6,14,24,8,34,22,25,13,6,42,35,24,2
6,51,34,35,22,23,29,6,14,24,8,34,22,25,13,6,42,35,24,34,2
51,34,35,22,23,29,6,14,24,8,34,22,25,13,6,42,35,24,34,61,2
34,35,22,23,29,6,14,24,8,34,22,25,13,6,42,35,24,34,61,35,2
35,22,23,29,6,14,24,8,34,22,25,13,6,42,35,24,34,61,35,22,2
22,23,29,6,14,24,8,34,22,25,13,6,42,35,24,34,61,35,22,6,2
23,29,6,14,24,8,34,22,25,13,6,42,35,24,34,61,35,22,6,42,2
29,6,14,24,8,34,22,25,13,6,42,35,24,34,61,35,22,6,42,35,2
6,14,24,8,34,22,25,13,6,42,35,24,34,61,35,22,6,42,35,46,2
14,24,8,34,22,25,13,6,42,35,24,34,61,35,22,6,42,35,46,46,2
24,8,34,22,25,13,6,42,35,24,34,61,35,22,6,42,35,46,46,10,2
8,34,22,25,13,6,42,35,24,34,61,35,22,6,42,35,46,46,10,13,2
34,22,25,13,6,42,35,24,34,61,35,22,6,42,35,46,46,10,13,6,2
22,25,13,6,42,35,24,34,61,35,22,6,42,35,46,46,10,13,6,49,2
25,13,6,42,35,24,34,61,35,22,6,42,35,46,46,10,13,6,49,52,2
13,6,42,35,24,34,61,35,22,6,42,35,46,46,10,13,6,49,52,34,2
6,42,35,24,34,61,35,22,6,42,35,46,46,10,13,6,49,52,34,8,2
42,35,24,34,61,35,22,6,42,35,46,46,10,13,6,49,52,34,8,29,2
35,24,34,61,35,22,6,42,35,46,46,10,13,6,49,52,34,8,29,13,2
24,34,61,35,22,6,42,35,46,46,10,13,6,49,52,34,8,29,13,6,2
34,61,35,22,6,42,35,46,46,10,13,6,49,52,34,8,29,13,6,49,2
61,35,22,6,42,35,46,46,10,13,6,49,52,34,8,29,13,6,49,27,2
35,22,6,42,35,46,46,10,13,6,49,52,34,8,29,13,6,49,27,9,2
22,6,42,35,46,46,10,13,6,49,52,34,8,29,13,6,49,27,9,23,2
6,42,35,46,46,10,13,6,49,52,34,8,29,13,6,49,27,9,23,29,2
42,35,46,46,10,13,6,49,52,34,8,29,13,6,49,27,9,23,29,6,2
35,46,46,10,13,6,49,52,34,8,29,13,6,49,27,9,23,29,6,45,2
46,46,10,13,6,49,52,34,8,29,13,6,49,27,9,23,29,6,45,35,2
46,10,13,6,49,52,34,8,29,13,6,49,27,9,23,29,6,45,35,46,2
10,13,6,49,52,34,8,29,13,6,49,27,9,23,29,6,45,35,46,35,2
13,6,49,52,34,8,29,13,6,49,27,9,23,29,6,45,35,46,35,9,2
6,49,52,34,8,29,13,6,49,27,9,23,29,6,45,35,46,35,9,34,2
49,52,34,8,29,13,6,49,27,9,23,29,6,45,35,46,35,9,34,57,2
52,34,8,29,13,6,49,27,9,23,29,6,45,35,46,35,9,34,57,25,2
34,8,29,13,6,49,27,9,23,29,6,45,35,46,35,9,34,57,25,13,2
8,29,13,6,49,27,9,23,29,6,45,35,46,35,9,34,57,25,13,6,2
29,13,6,49,27,9,23,29,6,45,35,46,35,9,34,57,25,13,6,65,2
13,6,49,27,9,23,29,6,45,35,46,35,9,34,57,25,13,6,65,27,2
6,49,27,9,23,29,6,45,35,46,35,9,34,57,25,13,6,65,27,22,2
49,27,9,23,29,6,45,35,46,35,9,34,57,25,13,6,65,27,22,23,2
27,9,23,29,6,45,35,46,35,9,34,57,25,13,6,65,27,22,23,23,2
9,23,29,6,45,35,46,35,9,34,57,25,13,6,65,27,22,23,23,57,2
23,29,6,45,35,46,35,9,34,57,25,13,6,65,27,22,23,23,57,6,2
29,6,45,35,46,35,9,34,57,25,13,6,65,27,22,23,23,57,6,39,2
6,45,35,46,35,9,34,57,25,13,6,65,27,22,23,23,57,6,39,50,2
45,35,46,35,9,34,57,25,13,6,65,27,22,23,23,57,6,39,50,0,2
35,46,35,9,34,57,25,13,6,65,27,22,23,23,57,6,39,50,0,45,2
46,35,9,34,57,25,13,6,65,27,22,23,23,57,6,39,50,0,45,50,2
35,9,34,57,25,13,6,65,27,22,23,23,57,6,39,50,0,45,50,6,2
9,34,57,25,13,6,65,27,22,23,23,57,6,39,50,0,45,50,6,20,2
34,57,25,13,6,65,27,22,23,23,57,6,39,50,0,45,50,6,20,55,2
57,25,13,6,65,27,22,23,23,57,6,39,50,0,45,50,6,20,55,39,2
25,13,6,65,27,22,23,23,57,6,39,50,0,45,50,6,20,55,39,6,2
13,6,65,27,22,23,23,57,6,39,50,0,45,50,6,20,55,39,6,55,2
6,65,27,22,23,23,57,6,39,50,0,45,50,6,20,55,39,6,55,11,2
65,27,22,23,23,57,6,39,50,0,45,50,6,20,55,39,6,55,11,11,2
27,22,23,23,57,6,39,50,0,45,50,6,20,55,39,6,55,11,11,50,2
22,23,23,57,6,39,50,0,45,50,6,20,55,39,6,55,11,11,50,45,2
23,23,57,6,39,50,0,45,50,6,20,55,39,6,55,11,11,50,45,21,2
23,57,6,39,50,0,45,50,6,20,55,39,6,55,11,11,50,45,21,20,2
57,6,39,50,0,45,50,6,20,55,39,6,55,11,11,50,45,21,20,58,2
6,39,50,0,45,50,6,20,55,39,6,55,11,11,50,45,21,20,58,6,2
39,50,0,45,50,6,20,55,39,6,55,11,11,50,45,21,20,58,6,3,2
50,0,45,50,6,20,55,39,6,55,11,11,50,45,21,20,58,6,3,4,2
0,45,50,6,20,55,39,6,55,11,11,50,45,21,20,58,6,3,4,6,2
45,50,6,20,55,39,6,55,11,11,50,45,21,20,58,6,3,4,6,30,2
50,6,20,55,39,6,55,11,11,50,45,21,20,58,6,3,4,6,30,49,2
6,20,55,39,6,55,11,11,50,45,21,20,58,6,3,4,6,30,49,65,2
20,55,39,6,55,11,11,50,45,21,20,58,6,3,4,6,30,49,65,37,2
55,39,6,55,11,11,50,45,21,20,58,6,3,4,6,30,49,65,37,6,2
39,6,55,11,11,50,45,21,20,58,6,3,4,6,30,49,65,37,6,37,2
6,55,11,11,50,45,21,20,58,6,3,4,6,30,49,65,37,6,37,49,2
55,11,11,50,45,21,20,58,6,3,4,6,30,49,65,37,6,37,49,47,2
11,11,50,45,21,20,58,6,3,4,6,30,49,65,37,6,37,49,47,50,2
11,50,45,21,20,58,6,3,4,6,30,49,65,37,6,37,49,47,50,6,2
50,45,21,20,58,6,3,4,6,30,49,65,37,6,37,49,47,50,6,49,2
45,21,20,58,6,3,4,6,30,49,65,37,6,37,49,47,50,6,49,37,2
21,20,58,6,3,4,6,30,49,65,37,6,37,49,47,50,6,49,37,6,2
20,58,6,3,4,6,30,49,65,37,6,37,49,47,50,6,49,37,6,36,2
58,6,3,4,6,30,49,65,37,6,37,49,47,50,6,49,37,6,36,49,2
6,3,4,6,30,49,65,37,6,37,49,47,50,6,49,37,6,36,49,37,2
3,4,6,30,49,65,37,6,37,49,47,50,6,49,37,6,36,49,37,42,2
4,6,30,49,65,37,6,37,49,47,50,6,49,37,6,36,49,37,42,6,2
6,30,49,65,37,6,37,49,47,50,6,49,37,6,36,49,37,42,6,39,2
30,49,65,37,6,37,49,47,50,6,49,37,6,36,49,37,42,6,39,21,2
49,65,37,6,37,49,47,50,6,49,37,6,36,49,37,42,6,39,21,14,2
65,37,6,37,49,47,50,6,49,37,6,36,49,37,42,6,39,21,14,42,2
37,6,37,49,47,50,6,49,37,6,36,49,37,42,6,39,21,14,42,6,2
6,37,49,47,50,6,49,37,6,36,49,37,42,6,39,21,14,42,6,49,2
37,49,47,50,6,49,37,6,36,49,37,42,6,39,21,14,42,6,49,53,2
49,47,50,6,49,37,6,36,49,37,42,6,39,21,14,42,6,49,53,53,2
47,50,6,49,37,6,36,49,37,42,6,39,21,14,42,6,49,53,53,45,2
50,6,49,37,6,36,49,37,42,6,39,21,14,42,6,49,53,53,45,55,2
6,49,37,6,36,49,37,42,6,39,21,14,42,6,49,53,53,45,55,33,2
49,37,6,36,49,37,42,6,39,21,14,42,6,49,53,53,45,55,33,49,2
37,6,36,49,37,42,6,39,21,14,42,6,49,53,53,45,55,33,49,51,2
6,36,49,37,42,6,39,21,14,42,6,49,53,53,45,55,33,49,51,6,2
36,49,37,42,6,39,21,14,42,6,49,53,53,45,55,33,49,51,6,20,2
49,37,42,6,39,21,14,42,6,49,53,53,45,55,33,49,51,6,20,55,2
37,42,6,39,21,14,42,6,49,53,53,45,55,33,49,51,6,20,55,39,2
42,6,39,21,14,42,6,49,53,53,45,55,33,49,51,6,20,55,39,6,2
6,39,21,14,42,6,49,53,53,45,55,33,49,51,6,20,55,39,6,55,2
39,21,14,42,6,49,53,53,45,55,33,49,51,6,20,55,39,6,55,53,2
21,14,42,6,49,53,53,45,55,33,49,51,6,20,55,39,6,55,53,50,2
14,42,6,49,53,53,45,55,33,49,51,6,20,55,39,6,55,53,50,20,2
42,6,49,53,53,45,55,33,49,51,6,20,55,39,6,55,53,50,20,6,2
6,49,53,53,45,55,33,49,51,6,20,55,39,6,55,53,50,20,6,2,2
49,53,53,45,55,33,49,51,6,20,55,39,6,55,53,50,20,6,2,6,2
53,53,45,55,33,49,51,6,20,55,39,6,55,53,50,20,6,2,6,30,2
53,45,55,33,49,51,6,20,55,39,6,55,53,50,20,6,2,6,30,49,2
45,55,33,49,51,6,20,55,39,6,55,53,50,20,6,2,6,30,49,65,2
55,33,49,51,6,20,55,39,6,55,53,50,20,6,2,6,30,49,65,37,2
33,49,51,6,20,55,39,6,55,53,50,20,6,2,6,30,49,65,37,6,2
49,51,6,20,55,39,6,55,53,50,20,6,2,6,30,49,65,37,6,49,2
51,6,20,55,39,6,55,53,50,20,6,2,6,30,49,65,37,6,49,6,2
6,20,55,39,6,55,53,50,20,6,2,6,30,49,65,37,6,49,6,39,2
20,55,39,6,55,53,50,20,6,2,6,30,49,65,37,6,49,6,39,50,2
55,39,6,55,53,50,20,6,2,6,30,49,65,37,6,49,6,39,50,50,2
39,6,55,53,50,20,6,2,6,30,49,65,37,6,49,6,39,50,50,7,2
6,55,53,50,20,6,2,6,30,49,65,37,6,49,6,39,50,50,7,6,2
55,53,50,20,6,2,6,30,49,65,37,6,49,6,39,50,50,7,6,45,2
53,50,20,6,2,6,30,49,65,37,6,49,6,39,50,50,7,6,45,50,2
50,20,6,2,6,30,49,65,37,6,49,6,39,50,50,7,6,45,50,33,2
20,6,2,6,30,49,65,37,6,49,6,39,50,50,7,6,45,50,33,21,2
6,2,6,30,49,65,37,6,49,6,39,50,50,7,6,45,50,33,21,50,2
2,6,30,49,65,37,6,49,6,39,50,50,7,6,45,50,33,21,50,39,2
6,30,49,65,37,6,49,6,39,50,50,7,6,45,50,33,21,50,39,37,2
30,49,65,37,6,49,6,39,50,50,7,6,45,50,33,21,50,39,37,6,2
49,65,37,6,49,6,39,50,50,7,6,45,50,33,21,50,39,37,6,47,2
65,37,6,49,6,39,50,50,7,6,45,50,33,21,50,39,37,6,47,10,2
37,6,49,6,39,50,50,7,6,45,50,33,21,50,39,37,6,47,10,6,2
6,49,6,39,50,50,7,6,45,50,33,21,50,39,37,6,47,10,6,42,2
49,6,39,50,50,7,6,45,50,33,21,50,39,37,6,47,10,6,42,41,2
6,39,50,50,7,6,45,50,33,21,50,39,37,6,47,10,6,42,41,37,2
39,50,50,7,6,45,50,33,21,50,39,37,6,47,10,6,42,41,37,26,2
50,50,7,6,45,50,33,21,50,39,37,6,47,10,6,42,41,37,26,49,2
50,7,6,45,50,33,21,50,39,37,6,47,10,6,42,41,37,26,49,20,2
7,6,45,50,33,21,50,39,37,6,47,10,6,42,41,37,26,49,20,30,2
6,45,50,33,21,50,39,37,6,47,10,6,42,41,37,26,49,20,30,6,2
45,50,33,21,50,39,37,6,47,10,6,42,41,37,26,49,20,30,6,49,2
50,33,21,50,39,37,6,47,10,6,42,41,37,26,49,20,30,6,49,20,2
33,21,50,39,37,6,47,10,6,42,41,37,26,49,20,30,6,49,20,30,2
21,50,39,37,6,47,10,6,42,41,37,26,49,20,30,6,49,20,30,6,2
50,39,37,6,47,10,6,42,41,37,26,49,20,30,6,49,20,30,6,21,2
39,37,6,47,10,6,42,41,37,26,49,20,30,6,49,20,30,6,21,6,2
37,6,47,10,6,42,41,37,26,49,20,30,6,49,20,30,6,21,6,36,2
6,47,10,6,42,41,37,26,49,20,30,6,49,20,30,6,21,6,36,49,2
47,10,6,42,41,37,26,49,20,30,6,49,20,30,6,21,6,36,49,47,2
10,6,42,41,37,26,49,20,30,6,49,20,30,6,21,6,36,49,47,50,2
6,42,41,37,26,49,20,30,6,49,20,30,6,21,6,36,49,47,50,6,2
42,41,37,26,49,20,30,6,49,20,30,6,21,6,36,49,47,50,6,21,2
41,37,26,49,20,30,6,49,20,30,6,21,6,36,49,47,50,6,21,20,2
37,26,49,20,30,6,49,20,30,6,21,6,36,49,47,50,6,21,20,6,2
26,49,20,30,6,49,20,30,6,21,6,36,49,47,50,6,21,20,6,55,2
49,20,30,6,49,20,30,6,21,6,36,49,47,50,6,21,20,6,55,20,2
20,30,6,49,20,30,6,21,6,36,49,47,50,6,21,20,6,55,20,6,2
30,6,49,20,30,6,21,6,36,49,47,50,6,21,20,6,55,20,6,2,2
6,49,20,30,6,21,6,36,49,47,50,6,21,20,6,55,20,6,2,59,2
49,20,30,6,21,6,36,49,47,50,6,21,20,6,55,20,6,2,59,19,2
20,30,6,21,6,36,49,47,50,6,21,20,6,55,20,6,2,59,19,59,2
30,6,21,6,36,49,47,50,6,21,20,6,55,20,6,2,59,19,59,19,2
6,21,6,36,49,47,50,6,21,20,6,55,20,6,2,59,19,59,19,18,2
21,6,36,49,47,50,6,21,20,6,55,20,6,2,59,19,59,19,18,13,2
6,36,49,47,50,6,21,20,6,55,20,6,2,59,19,59,19,18,13,6,2
36,49,47,50,6,21,20,6,55,20,6,2,59,19,59,19,18,13,6,14,2
49,47,50,6,21,20,6,55,20,6,2,59,19,59,19,18,13,6,14,42,2
47,50,6,21,20,6,55,20,6,2,59,19,59,19,18,13,6,14,42,50,2
50,6,21,20,6,55,20,6,2,59,19,59,19,18,13,6,14,42,50,6,2
6,21,20,6,55,20,6,2,59,19,59,19,18,13,6,14,42,50,6,51,2
21,20,6,55,20,6,2,59,19,59,19,18,13,6,14,42,50,6,51,49,2
20,6,55,20,6,2,59,19,59,19,18,13,6,14,42,50,6,51,49,30,2
6,55,20,6,2,59,19,59,19,18,13,6,14,42,50,6,51,49,30,65,2
55,20,6,2,59,19,59,19,18,13,6,14,42,50,6,51,49,30,65,6,2
20,6,2,59,19,59,19,18,13,6,14,42,50,6,51,49,30,65,6,49,2
6,2,59,19,59,19,18,13,6,14,42,50,6,51,49,30,65,6,49,14,2
2,59,19,59,19,18,13,6,14,42,50,6,51,49,30,65,6,49,14,6,2
59,19,59,19,18,13,6,14,42,50,6,51,49,30,65,6,49,14,6,14,2
19,59,19,18,13,6,14,42,50,6,51,49,30,65,6,49,14,6,14,42,2
59,19,18,13,6,14,42,50,6,51,49,30,65,6,49,14,6,14,42,50,2
19,18,13,6,14,42,50,6,51,49,30,65,6,49,14,6,14,42,50,6,2
18,13,6,14,42,50,6,51,49,30,65,6,49,14,6,14,42,50,6,37,2
13,6,14,42,50,6,51,49,30,65,6,49,14,6,14,42,50,6,37,50,2
6,14,42,50,6,51,49,30,65,6,49,14,6,14,42,50,6,37,50,45,2
14,42,50,6,51,49,30,65,6,49,14,6,14,42,50,6,37,50,45,33,2
42,50,6,51,49,30,65,6,49,14,6,14,42,50,6,37,50,45,33,21,2
50,6,51,49,30,65,6,49,14,6,14,42,50,6,37,50,45,33,21,36,2
6,51,49,30,65,6,49,14,6,14,42,50,6,37,50,45,33,21,36,50,2
51,49,30,65,6,49,14,6,14,42,50,6,37,50,45,33,21,36,50,6,2
49,30,65,6,49,14,6,14,42,50,6,37,50,45,33,21,36,50,6,36,2
30,65,6,49,14,6,14,42,50,6,37,50,45,33,21,36,50,6,36,55,2
65,6,49,14,6,14,42,50,6,37,50,45,33,21,36,50,6,36,55,41,2
6,49,14,6,14,42,50,6,37,50,45,33,21,36,50,6,36,55,41,20,2
49,14,6,14,42,50,6,37,50,45,33,21,36,50,6,36,55,41,20,14,2
14,6,14,42,50,6,37,50,45,33,21,36,50,6,36,55,41,20,14,50,2
6,14,42,50,6,37,50,45,33,21,36,50,6,36,55,41,20,14,50,45,2
14,42,50,6,37,50,45,33,21,36,50,6,36,55,41,20,14,50,45,6,2
42,50,6,37,50,45,33,21,36,50,6,36,55,41,20,14,50,45,6,39,2
50,6,37,50,45,33,21,36,50,6,36,55,41,20,14,50,45,6,39,49,2
6,37,50,45,33,21,36,50,6,36,55,41,20,14,50,45,6,39,49,37,2
37,50,45,33,21,36,50,6,36,55,41,20,14,50,45,6,39,49,37,6,2
50,45,33,21,36,50,6,36,55,41,20,14,50,45,6,39,49,37,6,33,2
45,33,21,36,50,6,36,55,41,20,14,50,45,6,39,49,37,6,33,50,2
33,21,36,50,6,36,55,41,20,14,50,45,6,39,49,37,6,33,50,45,2
21,36,50,6,36,55,41,20,14,50,45,6,39,49,37,6,33,50,45,65,2
36,50,6,36,55,41,20,14,50,45,6,39,49,37,6,33,50,45,65,6,2
50,6,36,55,41,20,14,50,45,6,39,49,37,6,33,50,45,65,6,20,2
6,36,55,41,20,14,50,45,6,39,49,37,6,33,50,45,65,6,20,21,2
36,55,41,20,14,50,45,6,39,49,37,6,33,50,45,65,6,20,21,36,2
55,41,20,14,50,45,6,39,49,37,6,33,50,45,65,6,20,21,36,50,2
41,20,14,50,45,6,39,49,37,6,33,50,45,65,6,20,21,36,50,6,2
20,14,50,45,6,39,49,37,6,33,50,45,65,6,20,21,36,50,6,49,2
14,50,45,6,39,49,37,6,33,50,45,65,6,20,21,36,50,6,49,20,2
50,45,6,39,49,37,6,33,50,45,65,6,20,21,36,50,6,49,20,30,2
45,6,39,49,37,6,33,50,45,65,6,20,21,36,50,6,49,20,30,6,2
6,39,49,37,6,33,50,45,65,6,20,21,36,50,6,49,20,30,6,42,2
39,49,37,6,33,50,45,65,6,20,21,36,50,6,49,20,30,6,42,50,2
49,37,6,33,50,45,65,6,20,21,36,50,6,49,20,30,6,42,50,51,2
37,6,33,50,45,65,6,20,21,36,50,6,49,20,30,6,42,50,51,53,2
6,33,50,45,65,6,20,21,36,50,6,49,20,30,6,42,50,51,53,11,2
33,50,45,65,6,20,21,36,50,6,49,20,30,6,42,50,51,53,11,41,2
50,45,65,6,20,21,36,50,6,49,20,30,6,42,50,51,53,11,41,51,2
45,65,6,20,21,36,50,6,49,20,30,6,42,50,51,53,11,41,51,13,2
65,6,20,21,36,50,6,49,20,30,6,42,50,51,53,11,41,51,13,6,2
6,20,21,36,50,6,49,20,30,6,42,50,51,53,11,41,51,13,6,39,2
20,21,36,50,6,49,20,30,6,42,50,51,53,11,41,51,13,6,39,50,2
21,36,50,6,49,20,30,6,42,50,51,53,11,41,51,13,6,39,50,6,2
36,50,6,49,20,30,6,42,50,51,53,11,41,51,13,6,39,50,6,39,2
50,6,49,20,30,6,42,50,51,53,11,41,51,13,6,39,50,6,39,21,2
6,49,20,30,6,42,50,51,53,11,41,51,13,6,39,50,6,39,21,51,2
49,20,30,6,42,50,51,53,11,41,51,13,6,39,50,6,39,21,51,51,2
20,30,6,42,50,51,53,11,41,51,13,6,39,50,6,39,21,51,51,6,2
30,6,42,50,51,53,11,41,51,13,6,39,50,6,39,21,51,51,6,26,2
6,42,50,51,53,11,41,51,13,6,39,50,6,39,21,51,51,6,26,50,2
42,50,51,53,11,41,51,13,6,39,50,6,39,21,51,51,6,26,50,6,2
50,51,53,11,41,51,13,6,39,50,6,39,21,51,51,6,26,50,6,58,2
51,53,11,41,51,13,6,39,50,6,39,21,51,51,6,26,50,6,58,55,2
53,11,41,51,13,6,39,50,6,39,21,51,51,6,26,50,6,58,55,21,2
11,41,51,13,6,39,50,6,39,21,51,51,6,26,50,6,58,55,21,20,2
41,51,13,6,39,50,6,39,21,51,51,6,26,50,6,58,55,21,20,58,2
51,13,6,39,50,6,39,21,51,51,6,26,50,6,58,55,21,20,58,6,2
13,6,39,50,6,39,21,51,51,6,26,50,6,58,55,21,20,58,6,26,2
6,39,50,6,39,21,51,51,6,26,50,6,58,55,21,20,58,6,26,49,2
39,50,6,39,21,51,51,6,26,50,6,58,55,21,20,58,6,26,49,36,2
50,6,39,21,51,51,6,26,50,6,58,55,21,20,58,6,26,49,36,7,2
6,39,21,51,51,6,26,50,6,58,55,21,20,58,6,26,49,36,7,66,2
39,21,51,51,6,26,50,6,58,55,21,20,58,6,26,49,36,7,66,6,2
21,51,51,6,26,50,6,58,55,21,20,58,6,26,49,36,7,66,6,37,2
51,51,6,26,50,6,58,55,21,20,58,6,26,49,36,7,66,6,37,55,2
51,6,26,50,6,58,55,21,20,58,6,26,49,36,7,66,6,37,55,20,2
6,26,50,6,58,55,21,20,58,6,26,49,36,7,66,6,37,55,20,60,2
26,50,6,58,55,21,20,58,6,26,49,36,7,66,6,37,55,20,60,49,2
50,6,58,55,21,20,58,6,26,49,36,7,66,6,37,55,20,60,49,6,2
6,58,55,21,20,58,6,26,49,36,7,66,6,37,55,20,60,49,6,50,2
58,55,21,20,58,6,26,49,36,7,66,6,37,55,20,60,49,6,50,20,2
55,21,20,58,6,26,49,36,7,66,6,37,55,20,60,49,6,50,20,58,2
21,20,58,6,26,49,36,7,66,6,37,55,20,60,49,6,50,20,58,51,2
20,58,6,26,49,36,7,66,6,37,55,20,60,49,6,50,20,58,51,50,2
58,6,26,49,36,7,66,6,37,55,20,60,49,6,50,20,58,51,50,26,2
6,26,49,36,7,66,6,37,55,20,60,49,6,50,20,58,51,50,26,50,2
26,49,36,7,66,6,37,55,20,60,49,6,50,20,58,51,50,26,50,45,2
49,36,7,66,6,37,55,20,60,49,6,50,20,58,51,50,26,50,45,14,2
36,7,66,6,37,55,20,60,49,6,50,20,58,51,50,26,50,45,14,6,2
7,66,6,37,55,20,60,49,6,50,20,58,51,50,26,50,45,14,6,11,2
66,6,37,55,20,60,49,6,50,20,58,51,50,26,50,45,14,6,11,8,2
6,37,55,20,60,49,6,50,20,58,51,50,26,50,45,14,6,11,8,31,2
37,55,20,60,49,6,50,20,58,51,50,26,50,45,14,6,11,8,31,35,2
55,20,60,49,6,50,20,58,51,50,26,50,45,14,6,11,8,31,35,24,2
20,60,49,6,50,20,58,51,50,26,50,45,14,6,11,8,31,35,24,34,2
60,49,6,50,20,58,51,50,26,50,45,14,6,11,8,31,35,24,34,9,2
49,6,50,20,58,51,50,26,50,45,14,6,11,8,31,35,24,34,9,23,2
6,50,20,58,51,50,26,50,45,14,6,11,8,31,35,24,34,9,23,6,2
50,20,58,51,50,26,50,45,14,6,11,8,31,35,24,34,9,23,6,25,2
20,58,51,50,26,50,45,14,6,11,8,31,35,24,34,9,23,6,25,38,2
58,51,50,26,50,45,14,6,11,8,31,35,24,34,9,23,6,25,38,35,2
51,50,26,50,45,14,6,11,8,31,35,24,34,9,23,6,25,38,35,54,2
50,26,50,45,14,6,11,8,31,35,24,34,9,23,6,25,38,35,54,6,2
26,50,45,14,6,11,8,31,35,24,34,9,23,6,25,38,35,54,6,34,2
50,45,14,6,11,8,31,35,24,34,9,23,6,25,38,35,54,6,34,22,2
45,14,6,11,8,31,35,24,34,9,23,6,25,38,35,54,6,34,22,6,2
14,6,11,8,31,35,24,34,9,23,6,25,38,35,54,6,34,22,6,46,2
6,11,8,31,35,24,34,9,23,6,25,38,35,54,6,34,22,6,46,8,2
11,8,31,35,24,34,9,23,6,25,38,35,54,6,34,22,6,46,8,44,2
8,31,35,24,34,9,23,6,25,38,35,54,6,34,22,6,46,8,44,8,2
31,35,24,34,9,23,6,25,38,35,54,6,34,22,6,46,8,44,8,66,2
35,24,34,9,23,6,25,38,35,54,6,34,22,6,46,8,44,8,66,6,2
24,34,9,23,6,25,38,35,54,6,34,22,6,46,8,44,8,66,6,60,2
34,9,23,6,25,38,35,54,6,34,22,6,46,8,44,8,66,6,60,8,2
9,23,6,25,38,35,54,6,34,22,6,46,8,44,8,66,6,60,8,57,2
23,6,25,38,35,54,6,34,22,6,46,8,44,8,66,6,60,8,57,35,2
6,25,38,35,54,6,34,22,6,46,8,44,8,66,6,60,8,57,35,46,2
25,38,35,54,6,34,22,6,46,8,44,8,66,6,60,8,57,35,46,6,2
38,35,54,6,34,22,6,46,8,44,8,66,6,60,8,57,35,46,6,37,2
35,54,6,34,22,6,46,8,44,8,66,6,60,8,57,35,46,6,37,22,2
54,6,34,22,6,46,8,44,8,66,6,60,8,57,35,46,6,37,22,10,2
6,34,22,6,46,8,44,8,66,6,60,8,57,35,46,6,37,22,10,32,2
34,22,6,46,8,44,8,66,6,60,8,57,35,46,6,37,22,10,32,23,2
22,6,46,8,44,8,66,6,60,8,57,35,46,6,37,22,10,32,23,24,2
6,46,8,44,8,66,6,60,8,57,35,46,6,37,22,10,32,23,24,6,2
46,8,44,8,66,6,60,8,57,35,46,6,37,22,10,32,23,24,6,47,2
8,44,8,66,6,60,8,57,35,46,6,37,22,10,32,23,24,6,47,10,2
44,8,66,6,60,8,57,35,46,6,37,22,10,32,23,24,6,47,10,6,2
8,66,6,60,8,57,35,46,6,37,22,10,32,23,24,6,47,10,6,25,2
66,6,60,8,57,35,46,6,37,22,10,32,23,24,6,47,10,6,25,35,2
6,60,8,57,35,46,6,37,22,10,32,23,24,6,47,10,6,25,35,22,2
60,8,57,35,46,6,37,22,10,32,23,24,6,47,10,6,25,35,22,6,2
8,57,35,46,6,37,22,10,32,23,24,6,47,10,6,25,35,22,6,29,2
57,35,46,6,37,22,10,32,23,24,6,47,10,6,25,35,22,6,29,35,2
35,46,6,37,22,10,32,23,24,6,47,10,6,25,35,22,6,29,35,31,2
46,6,37,22,10,32,23,24,6,47,10,6,25,35,22,6,29,35,31,23,2
6,37,22,10,32,23,24,6,47,10,6,25,35,22,6,29,35,31,23,25,2
37,22,10,32,23,24,6,47,10,6,25,35,22,6,29,35,31,23,25,6,2
22,10,32,23,24,6,47,10,6,25,35,22,6,29,35,31,23,25,6,38,2
10,32,23,24,6,47,10,6,25,35,22,6,29,35,31,23,25,6,38,34,2
32,23,24,6,47,10,6,25,35,22,6,29,35,31,23,25,6,38,34,25,2
23,24,6,47,10,6,25,35,22,6,29,35,31,23,25,6,38,34,25,6,2
24,6,47,10,6,25,35,22,6,29,35,31,23,25,6,38,34,25,6,22,2
6,47,10,6,25,35,22,6,29,35,31,23,25,6,38,34,25,6,22,23,2
47,10,6,25,35,22,6,29,35,31,23,25,6,38,34,25,6,22,23,12,2
10,6,25,35,22,6,29,35,31,23,25,6,38,34,25,6,22,23,12,6,2
6,25,35,22,6,29,35,31,23,25,6,38,34,25,6,22,23,12,6,24,2
25,35,22,6,29,35,31,23,25,6,38,34,25,6,22,23,12,6,24,23,2
35,22,6,29,35,31,23,25,6,38,34,25,6,22,23,12,6,24,23,44,2
22,6,29,35,31,23,25,6,38,34,25,6,22,23,12,6,24,23,44,35,2
6,29,35,31,23,25,6,38,34,25,6,22,23,12,6,24,23,44,35,9,2
29,35,31,23,25,6,38,34,25,6,22,23,12,6,24,23,44,35,9,23,2
35,31,23,25,6,38,34,25,6,22,23,12,6,24,23,44,35,9,23,6,2
31,23,25,6,38,34,25,6,22,23,12,6,24,23,44,35,9,23,6,57,2
23,25,6,38,34,25,6,22,23,12,6,24,23,44,35,9,23,6,57,35,2
25,6,38,34,25,6,22,23,12,6,24,23,44,35,9,23,6,57,35,22,2
6,38,34,25,6,22,23,12,6,24,23,44,35,9,23,6,57,35,22,9,2
38,34,25,6,22,23,12,6,24,23,44,35,9,23,6,57,35,22,9,24,2
34,25,6,22,23,12,6,24,23,44,35,9,23,6,57,35,22,9,24,35,2
25,6,22,23,12,6,24,23,44,35,9,23,6,57,35,22,9,24,35,29,2
6,22,23,12,6,24,23,44,35,9,23,6,57,35,22,9,24,35,29,6,2
22,23,12,6,24,23,44,35,9,23,6,57,35,22,9,24,35,29,6,57,2
23,12,6,24,23,44,35,9,23,6,57,35,22,9,24,35,29,6,57,8,2
12,6,24,23,44,35,9,23,6,57,35,22,9,24,35,29,6,57,8,24,2
6,24,23,44,35,9,23,6,57,35,22,9,24,35,29,6,57,8,24,0,2
24,23,44,35,9,23,6,57,35,22,9,24,35,29,6,57,8,24,0,6,2
23,44,35,9,23,6,57,35,22,9,24,35,29,6,57,8,24,0,6,14,2
44,35,9,23,6,57,35,22,9,24,35,29,6,57,8,24,0,6,14,38,2
35,9,23,6,57,35,22,9,24,35,29,6,57,8,24,0,6,14,38,8,2
9,23,6,57,35,22,9,24,35,29,6,57,8,24,0,6,14,38,8,22,2
23,6,57,35,22,9,24,35,29,6,57,8,24,0,6,14,38,8,22,56,2
6,57,35,22,9,24,35,29,6,57,8,24,0,6,14,38,8,22,56,25,2
57,35,22,9,24,35,29,6,57,8,24,0,6,14,38,8,22,56,25,6,2
35,22,9,24,35,29,6,57,8,24,0,6,14,38,8,22,56,25,6,25,2
22,9,24,35,29,6,57,8,24,0,6,14,38,8,22,56,25,6,25,35,2
9,24,35,29,6,57,8,24,0,6,14,38,8,22,56,25,6,25,35,6,2
24,35,29,6,57,8,24,0,6,14,38,8,22,56,25,6,25,35,6,44,2
35,29,6,57,8,24,0,6,14,38,8,22,56,25,6,25,35,6,44,27,2
29,6,57,8,24,0,6,14,38,8,22,56,25,6,25,35,6,44,27,57,2
6,57,8,24,0,6,14,38,8,22,56,25,6,25,35,6,44,27,57,38,2
57,8,24,0,6,14,38,8,22,56,25,6,25,35,6,44,27,57,38,6,2
8,24,0,6,14,38,8,22,56,25,6,25,35,6,44,27,57,38,6,28,2
24,0,6,14,38,8,22,56,25,6,25,35,6,44,27,57,38,6,28,35,2
0,6,14,38,8,22,56,25,6,25,35,6,44,27,57,38,6,28,35,24,2
6,14,38,8,22,56,25,6,25,35,6,44,27,57,38,6,28,35,24,6,2
14,38,8,22,56,25,6,25,35,6,44,27,57,38,6,28,35,24,6,38,2
38,8,22,56,25,6,25,35,6,44,27,57,38,6,28,35,24,6,38,23,2
8,22,56,25,6,25,35,6,44,27,57,38,6,28,35,24,6,38,23,29,2
22,56,25,6,25,35,6,44,27,57,38,6,28,35,24,6,38,23,29,54,2
56,25,6,25,35,6,44,27,57,38,6,28,35,24,6,38,23,29,54,34,2
25,6,25,35,6,44,27,57,38,6,28,35,24,6,38,23,29,54,34,22,2
6,25,35,6,44,27,57,38,6,28,35,24,6,38,23,29,54,34,22,43,2
25,35,6,44,27,57,38,6,28,35,24,6,38,23,29,54,34,22,43,6,2
35,6,44,27,57,38,6,28,35,24,6,38,23,29,54,34,22,43,6,27,2
6,44,27,57,38,6,28,35,24,6,38,23,29,54,34,22,43,6,27,25,2
44,27,57,38,6,28,35,24,6,38,23,29,54,34,22,43,6,27,25,6,2
27,57,38,6,28,35,24,6,38,23,29,54,34,22,43,6,27,25,6,28,2
57,38,6,28,35,24,6,38,23,29,54,34,22,43,6,27,25,6,28,34,2
38,6,28,35,24,6,38,23,29,54,34,22,43,6,27,25,6,28,34,22,2
6,28,35,24,6,38,23,29,54,34,22,43,6,27,25,6,28,34,22,32,2
28,35,24,6,38,23,29,54,34,22,43,6,27,25,6,28,34,22,32,6,2
35,24,6,38,23,29,54,34,22,43,6,27,25,6,28,34,22,32,6,9,2
24,6,38,23,29,54,34,22,43,6,27,25,6,28,34,22,32,6,9,38,2
6,38,23,29,54,34,22,43,6,27,25,6,28,34,22,32,6,9,38,23,2
38,23,29,54,34,22,43,6,27,25,6,28,34,22,32,6,9,38,23,6,2
23,29,54,34,22,43,6,27,25,6,28,34,22,32,6,9,38,23,6,24,2
29,54,34,22,43,6,27,25,6,28,34,22,32,6,9,38,23,6,24,34,2
54,34,22,43,6,27,25,6,28,34,22,32,6,9,38,23,6,24,34,43,2
34,22,43,6,27,25,6,28,34,22,32,6,9,38,23,6,24,34,43,38,2
22,43,6,27,25,6,28,34,22,32,6,9,38,23,6,24,34,43,38,9,2
43,6,27,25,6,28,34,22,32,6,9,38,23,6,24,34,43,38,9,6,2
6,27,25,6,28,34,22,32,6,9,38,23,6,24,34,43,38,9,6,35,2
27,25,6,28,34,22,32,6,9,38,23,6,24,34,43,38,9,6,35,22,2
25,6,28,34,22,32,6,9,38,23,6,24,34,43,38,9,6,35,22,23,2
6,28,34,22,32,6,9,38,23,6,24,34,43,38,9,6,35,22,23,0,2
28,34,22,32,6,9,38,23,6,24,34,43,38,9,6,35,22,23,0,6,2
34,22,32,6,9,38,23,6,24,34,43,38,9,6,35,22,23,0,6,39,2
22,32,6,9,38,23,6,24,34,43,38,9,6,35,22,23,0,6,39,23,2
32,6,9,38,23,6,24,34,43,38,9,6,35,22,23,0,6,39,23,6,2
6,9,38,23,6,24,34,43,38,9,6,35,22,23,0,6,39,23,6,12,2
9,38,23,6,24,34,43,38,9,6,35,22,23,0,6,39,23,6,12,34,2
38,23,6,24,34,43,38,9,6,35,22,23,0,6,39,23,6,12,34,29,2
23,6,24,34,43,38,9,6,35,22,23,0,6,39,23,6,12,34,29,29,2
6,24,34,43,38,9,6,35,22,23,0,6,39,23,6,12,34,29,29,6,2
24,34,43,38,9,6,35,22,23,0,6,39,23,6,12,34,29,29,6,46,2
34,43,38,9,6,35,22,23,0,6,39,23,6,12,34,29,29,6,46,23,2
43,38,9,6,35,22,23,0,6,39,23,6,12,34,29,29,6,46,23,6,2
38,9,6,35,22,23,0,6,39,23,6,12,34,29,29,6,46,23,6,46,2
9,6,35,22,23,0,6,39,23,6,12,34,29,29,6,46,23,6,46,8,2
6,35,22,23,0,6,39,23,6,12,34,29,29,6,46,23,6,46,8,57,2
35,22,23,0,6,39,23,6,12,34,29,29,6,46,23,6,46,8,57,56,2
22,23,0,6,39,23,6,12,34,29,29,6,46,23,6,46,8,57,56,6,2
23,0,6,39,23,6,12,34,29,29,6,46,23,6,46,8,57,56,6,28,2
0,6,39,23,6,12,34,29,29,6,46,23,6,46,8,57,56,6,28,35,2
6,39,23,6,12,34,29,29,6,46,23,6,46,8,57,56,6,28,35,24,2
39,23,6,12,34,29,29,6,46,23,6,46,8,57,56,6,28,35,24,6,2
23,6,12,34,29,29,6,46,23,6,46,8,57,56,6,28,35,24,6,25,2
6,12,34,29,29,6,46,23,6,46,8,57,56,6,28,35,24,6,25,27,2
12,34,29,29,6,46,23,6,46,8,57,56,6,28,35,24,6,25,27,24,2
34,29,29,6,46,23,6,46,8,57,56,6,28,35,24,6,25,27,24,23,2
29,29,6,46,23,6,46,8,57,56,6,28,35,24,6,25,27,24,23,0,2
29,6,46,23,6,46,8,57,56,6,28,35,24,6,25,27,24,23,0,0,2
6,46,23,6,46,8,57,56,6,28,35,24,6,25,27,24,23,0,0,6,2
46,23,6,46,8,57,56,6,28,35,24,6,25,27,24,23,0,0,6,7,2
23,6,46,8,57,56,6,28,35,24,6,25,27,24,23,0,0,6,7,34,2
6,46,8,57,56,6,28,35,24,6,25,27,24,23,0,0,6,7,34,44,2
46,8,57,56,6,28,35,24,6,25,27,24,23,0,0,6,7,34,44,46,2
8,57,56,6,28,35,24,6,25,27,24,23,0,0,6,7,34,44,46,23,2
57,56,6,28,35,24,6,25,27,24,23,0,0,6,7,34,44,46,23,24,2
56,6,28,35,24,6,25,27,24,23,0,0,6,7,34,44,46,23,24,29,2
6,28,35,24,6,25,27,24,23,0,0,6,7,34,44,46,23,24,29,10,2
28,35,24,6,25,27,24,23,0,0,6,7,34,44,46,23,24,29,10,6,2
35,24,6,25,27,24,23,0,0,6,7,34,44,46,23,24,29,10,6,60,2
24,6,25,27,24,23,0,0,6,7,34,44,46,23,24,29,10,6,60,35,2
6,25,27,24,23,0,0,6,7,34,44,46,23,24,29,10,6,60,35,22,2
25,27,24,23,0,0,6,7,34,44,46,23,24,29,10,6,60,35,22,23,2
27,24,23,0,0,6,7,34,44,46,23,24,29,10,6,60,35,22,23,25,2
24,23,0,0,6,7,34,44,46,23,24,29,10,6,60,35,22,23,25,6,2
23,0,0,6,7,34,44,46,23,24,29,10,6,60,35,22,23,25,6,55,2
0,0,6,7,34,44,46,23,24,29,10,6,60,35,22,23,25,6,55,12,2
0,6,7,34,44,46,23,24,29,10,6,60,35,22,23,25,6,55,12,22,2
6,7,34,44,46,23,24,29,10,6,60,35,22,23,25,6,55,12,22,23,2
7,34,44,46,23,24,29,10,6,60,35,22,23,25,6,55,12,22,23,24,2
34,44,46,23,24,29,10,6,60,35,22,23,25,6,55,12,22,23,24,25,2
44,46,23,24,29,10,6,60,35,22,23,25,6,55,12,22,23,24,25,6,2
46,23,24,29,10,6,60,35,22,23,25,6,55,12,22,23,24,25,6,8,2
23,24,29,10,6,60,35,22,23,25,6,55,12,22,23,24,25,6,8,24,2
24,29,10,6,60,35,22,23,25,6,55,12,22,23,24,25,6,8,24,23,2
29,10,6,60,35,22,23,25,6,55,12,22,23,24,25,6,8,24,23,6,2
10,6,60,35,22,23,25,6,55,12,22,23,24,25,6,8,24,23,6,31,2
6,60,35,22,23,25,6,55,12,22,23,24,25,6,8,24,23,6,31,23,2
60,35,22,23,25,6,55,12,22,23,24,25,6,8,24,23,6,31,23,24,2
35,22,23,25,6,55,12,22,23,24,25,6,8,24,23,6,31,23,24,10,2
22,23,25,6,55,12,22,23,24,25,6,8,24,23,6,31,23,24,10,6,2
23,25,6,55,12,22,23,24,25,6,8,24,23,6,31,23,24,10,6,22,2
25,6,55,12,22,23,24,25,6,8,24,23,6,31,23,24,10,6,22,34,2
6,55,12,22,23,24,25,6,8,24,23,6,31,23,24,10,6,22,34,57,2
55,12,22,23,24,25,6,8,24,23,6,31,23,24,10,6,22,34,57,23,2
12,22,23,24,25,6,8,24,23,6,31,23,24,10,6,22,34,57,23,6,2
22,23,24,25,6,8,24,23,6,31,23,24,10,6,22,34,57,23,6,8,2
23,24,25,6,8,24,23,6,31,23,24,10,6,22,34,57,23,6,8,22,2
24,25,6,8,24,23,6,31,23,24,10,6,22,34,57,23,6,8,22,32,2
25,6,8,24,23,6,31,23,24,10,6,22,34,57,23,6,8,22,32,6,2
6,8,24,23,6,31,23,24,10,6,22,34,57,23,6,8,22,32,6,38,2
8,24,23,6,31,23,24,10,6,22,34,57,23,6,8,22,32,6,38,23,2
24,23,6,31,23,24,10,6,22,34,57,23,6,8,22,32,6,38,23,29,2
23,6,31,23,24,10,6,22,34,57,23,6,8,22,32,6,38,23,29,54,2
6,31,23,24,10,6,22,34,57,23,6,8,22,32,6,38,23,29,54,28,2
31,23,24,10,6,22,34,57,23,6,8,22,32,6,38,23,29,54,28,27,2
23,24,10,6,22,34,57,23,6,8,22,32,6,38,23,29,54,28,27,29,2
24,10,6,22,34,57,23,6,8,22,32,6,38,23,29,54,28,27,29,66,2
10,6,22,34,57,23,6,8,22,32,6,38,23,29,54,28,27,29,66,6,2
6,22,34,57,23,6,8,22,32,6,38,23,29,54,28,27,29,66,6,14,2
22,34,57,23,6,8,22,32,6,38,23,29,54,28,27,29,66,6,14,38,2
34,57,23,6,8,22,32,6,38,23,29,54,28,27,29,66,6,14,38,23,2
57,23,6,8,22,32,6,38,23,29,54,28,27,29,66,6,14,38,23,10,2
23,6,8,22,32,6,38,23,29,54,28,27,29,66,6,14,38,23,10,6,2
6,8,22,32,6,38,23,29,54,28,27,29,66,6,14,38,23,10,6,9,2
8,22,32,6,38,23,29,54,28,27,29,66,6,14,38,23,10,6,9,24,2
22,32,6,38,23,29,54,28,27,29,66,6,14,38,23,10,6,9,24,10,2
32,6,38,23,29,54,28,27,29,66,6,14,38,23,10,6,9,24,10,6,2
6,38,23,29,54,28,27,29,66,6,14,38,23,10,6,9,24,10,6,9,2
38,23,29,54,28,27,29,66,6,14,38,23,10,6,9,24,10,6,9,35,2
23,29,54,28,27,29,66,6,14,38,23,10,6,9,24,10,6,9,35,6,2
29,54,28,27,29,66,6,14,38,23,10,6,9,24,10,6,9,35,6,46,2
54,28,27,29,66,6,14,38,23,10,6,9,24,10,6,9,35,6,46,23,2
28,27,29,66,6,14,38,23,10,6,9,24,10,6,9,35,6,46,23,6,2
27,29,66,6,14,38,23,10,6,9,24,10,6,9,35,6,46,23,6,8,2
29,66,6,14,38,23,10,6,9,24,10,6,9,35,6,46,23,6,8,25,2
66,6,14,38,23,10,6,9,24,10,6,9,35,6,46,23,6,8,25,6,2
6,14,38,23,10,6,9,24,10,6,9,35,6,46,23,6,8,25,6,28,2
14,38,23,10,6,9,24,10,6,9,35,6,46,23,6,8,25,6,28,27,2
38,23,10,6,9,24,10,6,9,35,6,46,23,6,8,25,6,28,27,29,2
23,10,6,9,24,10,6,9,35,6,46,23,6,8,25,6,28,27,29,29,2
10,6,9,24,10,6,9,35,6,46,23,6,8,25,6,28,27,29,29,6,2
6,9,24,10,6,9,35,6,46,23,6,8,25,6,28,27,29,29,6,25,2
9,24,10,6,9,35,6,46,23,6,8,25,6,28,27,29,29,6,25,23,2
24,10,6,9,35,6,46,23,6,8,25,6,28,27,29,29,6,25,23,24,2
10,6,9,35,6,46,23,6,8,25,6,28,27,29,29,6,25,23,24,31,2
6,9,35,6,46,23,6,8,25,6,28,27,29,29,6,25,23,24,31,34,2
9,35,6,46,23,6,8,25,6,28,27,29,29,6,25,23,24,31,34,57,2
35,6,46,23,6,8,25,6,28,27,29,29,6,25,23,24,31,34,57,23,2
6,46,23,6,8,25,6,28,27,29,29,6,25,23,24,31,34,57,23,6,2
46,23,6,8,25,6,28,27,29,29,6,25,23,24,31,34,57,23,6,8,2
23,6,8,25,6,28,27,29,29,6,25,23,24,31,34,57,23,6,8,25,2
6,8,25,6,28,27,29,29,6,25,23,24,31,34,57,23,6,8,25,6,2
8,25,6,28,27,29,29,6,25,23,24,31,34,57,23,6,8,25,6,57,2
25,6,28,27,29,29,6,25,23,24,31,34,57,23,6,8,25,6,57,8,2
6,28,27,29,29,6,25,23,24,31,34,57,23,6,8,25,6,57,8,22,2
28,27,29,29,6,25,23,24,31,34,57,23,6,8,25,6,57,8,22,6,2
27,29,29,6,25,23,24,31,34,57,23,6,8,25,6,57,8,22,6,46,2
29,29,6,25,23,24,31,34,57,23,6,8,25,6,57,8,22,6,46,23,2
29,6,25,23,24,31,34,57,23,6,8,25,6,57,8,22,6,46,23,66,2
6,25,23,24,31,34,57,23,6,8,25,6,57,8,22,6,46,23,66,6,2
25,23,24,31,34,57,23,6,8,25,6,57,8,22,6,46,23,66,6,21,2
23,24,31,34,57,23,6,8,25,6,57,8,22,6,46,23,66,6,21,6,2
24,31,34,57,23,6,8,25,6,57,8,22,6,46,23,66,6,21,6,29,2
31,34,57,23,6,8,25,6,57,8,22,6,46,23,66,6,21,6,29,34,2
34,57,23,6,8,25,6,57,8,22,6,46,23,66,6,21,6,29,34,56,2
57,23,6,8,25,6,57,8,22,6,46,23,66,6,21,6,29,34,56,23,2
23,6,8,25,6,57,8,22,6,46,23,66,6,21,6,29,34,56,23,6,2
6,8,25,6,57,8,22,6,46,23,66,6,21,6,29,34,56,23,6,32,2
8,25,6,57,8,22,6,46,23,66,6,21,6,29,34,56,23,6,32,35,2
25,6,57,8,22,6,46,23,66,6,21,6,29,34,56,23,6,32,35,34,2
6,57,8,22,6,46,23,66,6,21,6,29,34,56,23,6,32,35,34,22,2
57,8,22,6,46,23,66,6,21,6,29,34,56,23,6,32,35,34,22,43,2
8,22,6,46,23,66,6,21,6,29,34,56,23,6,32,35,34,22,43,6,2
22,6,46,23,66,6,21,6,29,34,56,23,6,32,35,34,22,43,6,46,2
6,46,23,66,6,21,6,29,34,56,23,6,32,35,34,22,43,6,46,27,2
46,23,66,6,21,6,29,34,56,23,6,32,35,34,22,43,6,46,27,25,2
23,66,6,21,6,29,34,56,23,6,32,35,34,22,43,6,46,27,25,34,2
66,6,21,6,29,34,56,23,6,32,35,34,22,43,6,46,27,25,34,22,2
6,21,6,29,34,56,23,6,32,35,34,22,43,6,46,27,25,34,22,23,2
21,6,29,34,56,23,6,32,35,34,22,43,6,46,27,25,34,22,23,25,2
6,29,34,56,23,6,32,35,34,22,43,6,46,27,25,34,22,23,25,25,2
29,34,56,23,6,32,35,34,22,43,6,46,27,25,34,22,23,25,25,6,2
34,56,23,6,32,35,34,22,43,6,46,27,25,34,22,23,25,25,6,12,2
56,23,6,32,35,34,22,43,6,46,27,25,34,22,23,25,25,6,12,34,2
23,6,32,35,34,22,43,6,46,27,25,34,22,23,25,25,6,12,34,9,2
6,32,35,34,22,43,6,46,27,25,34,22,23,25,25,6,12,34,9,38,2
32,35,34,22,43,6,46,27,25,34,22,23,25,25,6,12,34,9,38,6,2
35,34,22,43,6,46,27,25,34,22,23,25,25,6,12,34,9,38,6,9,2
34,22,43,6,46,27,25,34,22,23,25,25,6,12,34,9,38,6,9,38,2
22,43,6,46,27,25,34,22,23,25,25,6,12,34,9,38,6,9,38,23,2
43,6,46,27,25,34,22,23,25,25,6,12,34,9,38,6,9,38,23,44,2
6,46,27,25,34,22,23,25,25,6,12,34,9,38,6,9,38,23,44,66,2
46,27,25,34,22,23,25,25,6,12,34,9,38,6,9,38,23,44,66,6,2
27,25,34,22,23,25,25,6,12,34,9,38,6,9,38,23,44,66,6,47,2
25,34,22,23,25,25,6,12,34,9,38,6,9,38,23,44,66,6,47,34,2
34,22,23,25,25,6,12,34,9,38,6,9,38,23,44,66,6,47,34,57,2
22,23,25,25,6,12,34,9,38,6,9,38,23,44,66,6,47,34,57,38,2
23,25,25,6,12,34,9,38,6,9,38,23,44,66,6,47,34,57,38,8,2
25,25,6,12,34,9,38,6,9,38,23,44,66,6,47,34,57,38,8,23,2
25,6,12,34,9,38,6,9,38,23,44,66,6,47,34,57,38,8,23,29,2
6,12,34,9,38,6,9,38,23,44,66,6,47,34,57,38,8,23,29,6,2
12,34,9,38,6,9,38,23,44,66,6,47,34,57,38,8,23,29,6,45,2
34,9,38,6,9,38,23,44,66,6,47,34,57,38,8,23,29,6,45,34,2
9,38,6,9,38,23,44,66,6,47,34,57,38,8,23,29,6,45,34,57,2
38,6,9,38,23,44,66,6,47,34,57,38,8,23,29,6,45,34,57,38,2
6,9,38,23,44,66,6,47,34,57,38,8,23,29,6,45,34,57,38,8,2
9,38,23,44,66,6,47,34,57,38,8,23,29,6,45,34,57,38,8,24,2
38,23,44,66,6,47,34,57,38,8,23,29,6,45,34,57,38,8,24,32,2
23,44,66,6,47,34,57,38,8,23,29,6,45,34,57,38,8,24,32,25,2
44,66,6,47,34,57,38,8,23,29,6,45,34,57,38,8,24,32,25,35,2
66,6,47,34,57,38,8,23,29,6,45,34,57,38,8,24,32,25,35,22,2
6,47,34,57,38,8,23,29,6,45,34,57,38,8,24,32,25,35,22,6,2
47,34,57,38,8,23,29,6,45,34,57,38,8,24,32,25,35,22,6,45,2
34,57,38,8,23,29,6,45,34,57,38,8,24,32,25,35,22,6,45,50,2
57,38,8,23,29,6,45,34,57,38,8,24,32,25,35,22,6,45,50,49,2
38,8,23,29,6,45,34,57,38,8,24,32,25,35,22,6,45,50,49,30,2
8,23,29,6,45,34,57,38,8,24,32,25,35,22,6,45,50,49,30,6,2
23,29,6,45,34,57,38,8,24,32,25,35,22,6,45,50,49,30,6,47,2
29,6,45,34,57,38,8,24,32,25,35,22,6,45,50,49,30,6,47,55,2
6,45,34,57,38,8,24,32,25,35,22,6,45,50,49,30,6,47,55,45,2
45,34,57,38,8,24,32,25,35,22,6,45,50,49,30,6,47,55,45,50,2
34,57,38,8,24,32,25,35,22,6,45,50,49,30,6,47,55,45,50,6,2
57,38,8,24,32,25,35,22,6,45,50,49,30,6,47,55,45,50,6,11,2
38,8,24,32,25,35,22,6,45,50,49,30,6,47,55,45,50,6,11,21,2
8,24,32,25,35,22,6,45,50,49,30,6,47,55,45,50,6,11,21,20,2
24,32,25,35,22,6,45,50,49,30,6,47,55,45,50,6,11,21,20,30,2
32,25,35,22,6,45,50,49,30,6,47,55,45,50,6,11,21,20,30,6,2
25,35,22,6,45,50,49,30,6,47,55,45,50,6,11,21,20,30,6,41,2
35,22,6,45,50,49,30,6,47,55,45,50,6,11,21,20,30,6,41,37,2
22,6,45,50,49,30,6,47,55,45,50,6,11,21,20,30,6,41,37,6,2
6,45,50,49,30,6,47,55,45,50,6,11,21,20,30,6,41,37,6,55,2
45,50,49,30,6,47,55,45,50,6,11,21,20,30,6,41,37,6,55,8,2
50,49,30,6,47,55,45,50,6,11,21,20,30,6,41,37,6,55,8,56,2
49,30,6,47,55,45,50,6,11,21,20,30,6,41,37,6,55,8,56,6,2
30,6,47,55,45,50,6,11,21,20,30,6,41,37,6,55,8,56,6,47,2
6,47,55,45,50,6,11,21,20,30,6,41,37,6,55,8,56,6,47,35,2
47,55,45,50,6,11,21,20,30,6,41,37,6,55,8,56,6,47,35,27,2
55,45,50,6,11,21,20,30,6,41,37,6,55,8,56,6,47,35,27,22,2
45,50,6,11,21,20,30,6,41,37,6,55,8,56,6,47,35,27,22,9,2
50,6,11,21,20,30,6,41,37,6,55,8,56,6,47,35,27,22,9,8,2
6,11,21,20,30,6,41,37,6,55,8,56,6,47,35,27,22,9,8,34,2
11,21,20,30,6,41,37,6,55,8,56,6,47,35,27,22,9,8,34,22,2
21,20,30,6,41,37,6,55,8,56,6,47,35,27,22,9,8,34,22,6,2
20,30,6,41,37,6,55,8,56,6,47,35,27,22,9,8,34,22,6,42,2
30,6,41,37,6,55,8,56,6,47,35,27,22,9,8,34,22,6,42,35,2
6,41,37,6,55,8,56,6,47,35,27,22,9,8,34,22,6,42,35,46,2
41,37,6,55,8,56,6,47,35,27,22,9,8,34,22,6,42,35,46,46,2
37,6,55,8,56,6,47,35,27,22,9,8,34,22,6,42,35,46,46,34,2
6,55,8,56,6,47,35,27,22,9,8,34,22,6,42,35,46,46,34,23,2
55,8,56,6,47,35,27,22,9,8,34,22,6,42,35,46,46,34,23,25,2
8,56,6,47,35,27,22,9,8,34,22,6,42,35,46,46,34,23,25,6,2
56,6,47,35,27,22,9,8,34,22,6,42,35,46,46,34,23,25,6,68,2
6,47,35,27,22,9,8,34,22,6,42,35,46,46,34,23,25,6,68,6,2
47,35,27,22,9,8,34,22,6,42,35,46,46,34,23,25,6,68,6,14,2
35,27,22,9,8,34,22,6,42,35,46,46,34,23,25,6,68,6,14,35,2
27,22,9,8,34,22,6,42,35,46,46,34,23,25,6,68,6,14,35,10,2
22,9,8,34,22,6,42,35,46,46,34,23,25,6,68,6,14,35,10,25,2
9,8,34,22,6,42,35,46,46,34,23,25,6,68,6,14,35,10,25,6,2
8,34,22,6,42,35,46,46,34,23,25,6,68,6,14,35,10,25,6,1,2
34,22,6,42,35,46,46,34,23,25,6,68,6,14,35,10,25,6,1,40,2
22,6,42,35,46,46,34,23,25,6,68,6,14,35,10,25,6,1,40,16,2
6,42,35,46,46,34,23,25,6,68,6,14,35,10,25,6,1,40,16,19,2
42,35,46,46,34,23,25,6,68,6,14,35,10,25,6,1,40,16,19,6,2
35,46,46,34,23,25,6,68,6,14,35,10,25,6,1,40,16,19,6,53,2
46,46,34,23,25,6,68,6,14,35,10,25,6,1,40,16,19,6,53,23,2
46,34,23,25,6,68,6,14,35,10,25,6,1,40,16,19,6,53,23,29,2
34,23,25,6,68,6,14,35,10,25,6,1,40,16,19,6,53,23,29,38,2
23,25,6,68,6,14,35,10,25,6,1,40,16,19,6,53,23,29,38,8,2
25,6,68,6,14,35,10,25,6,1,40,16,19,6,53,23,29,38,8,44,2
6,68,6,14,35,10,25,6,1,40,16,19,6,53,23,29,38,8,44,6,2
68,6,14,35,10,25,6,1,40,16,19,6,53,23,29,38,8,44,6,53,2
6,14,35,10,25,6,1,40,16,19,6,53,23,29,38,8,44,6,53,56,2
14,35,10,25,6,1,40,16,19,6,53,23,29,38,8,44,6,53,56,12,2
35,10,25,6,1,40,16,19,6,53,23,29,38,8,44,6,53,56,12,10,2
10,25,6,1,40,16,19,6,53,23,29,38,8,44,6,53,56,12,10,6,2
25,6,1,40,16,19,6,53,23,29,38,8,44,6,53,56,12,10,6,53,2
6,1,40,16,19,6,53,23,29,38,8,44,6,53,56,12,10,6,53,23,2
1,40,16,19,6,53,23,29,38,8,44,6,53,56,12,10,6,53,23,29,2
40,16,19,6,53,23,29,38,8,44,6,53,56,12,10,6,53,23,29,38,2
16,19,6,53,23,29,38,8,44,6,53,56,12,10,6,53,23,29,38,8,2
19,6,53,23,29,38,8,44,6,53,56,12,10,6,53,23,29,38,8,44,2
6,53,23,29,38,8,44,6,53,56,12,10,6,53,23,29,38,8,44,13,2
53,23,29,38,8,44,6,53,56,12,10,6,53,23,29,38,8,44,13,6,2
23,29,38,8,44,6,53,56,12,10,6,53,23,29,38,8,44,13,6,49,2
29,38,8,44,6,53,56,12,10,6,53,23,29,38,8,44,13,6,49,51,2
38,8,44,6,53,56,12,10,6,53,23,29,38,8,44,13,6,49,51,6,2
8,44,6,53,56,12,10,6,53,23,29,38,8,44,13,6,49,51,6,17,2
44,6,53,56,12,10,6,53,23,29,38,8,44,13,6,49,51,6,17,5,2
6,53,56,12,10,6,53,23,29,38,8,44,13,6,49,51,6,17,5,19,2
53,56,12,10,6,53,23,29,38,8,44,13,6,49,51,6,17,5,19,1,2
56,12,10,6,53,23,29,38,8,44,13,6,49,51,6,17,5,19,1,16,2
12,10,6,53,23,29,38,8,44,13,6,49,51,6,17,5,19,1,16,6,2
10,6,53,23,29,38,8,44,13,6,49,51,6,17,5,19,1,16,6,37,2
6,53,23,29,38,8,44,13,6,49,51,6,17,5,19,1,16,6,37,14,2
53,23,29,38,8,44,13,6,49,51,6,17,5,19,1,16,6,37,14,55,2
23,29,38,8,44,13,6,49,51,6,17,5,19,1,16,6,37,14,55,45,2
29,38,8,44,13,6,49,51,6,17,5,19,1,16,6,37,14,55,45,50,2
38,8,44,13,6,49,51,6,17,5,19,1,16,6,37,14,55,45,50,6,2
8,44,13,6,49,51,6,17,5,19,1,16,6,37,14,55,45,50,6,42,2
44,13,6,49,51,6,17,5,19,1,16,6,37,14,55,45,50,6,42,55,2
13,6,49,51,6,17,5,19,1,16,6,37,14,55,45,50,6,42,55,41,2
6,49,51,6,17,5,19,1,16,6,37,14,55,45,50,6,42,55,41,45,2
49,51,6,17,5,19,1,16,6,37,14,55,45,50,6,42,55,41,45,37,2
51,6,17,5,19,1,16,6,37,14,55,45,50,6,42,55,41,45,37,6,2
6,17,5,19,1,16,6,37,14,55,45,50,6,42,55,41,45,37,6,47,2
17,5,19,1,16,6,37,14,55,45,50,6,42,55,41,45,37,6,47,35,2
5,19,1,16,6,37,14,55,45,50,6,42,55,41,45,37,6,47,35,22,2
19,1,16,6,37,14,55,45,50,6,42,55,41,45,37,6,47,35,22,32,2
1,16,6,37,14,55,45,50,6,42,55,41,45,37,6,47,35,22,32,8,2
16,6,37,14,55,45,50,6,42,55,41,45,37,6,47,35,22,32,8,10,2
6,37,14,55,45,50,6,42,55,41,45,37,6,47,35,22,32,8,10,72,2
37,14,55,45,50,6,42,55,41,45,37,6,47,35,22,32,8,10,72,6,2
14,55,45,50,6,42,55,41,45,37,6,47,35,22,32,8,10,72,6,19,2
55,45,50,6,42,55,41,45,37,6,47,35,22,32,8,10,72,6,19,1,2
45,50,6,42,55,41,45,37,6,47,35,22,32,8,10,72,6,19,1,59,2
50,6,42,55,41,45,37,6,47,35,22,32,8,10,72,6,19,1,59,5,2
6,42,55,41,45,37,6,47,35,22,32,8,10,72,6,19,1,59,5,54,2
42,55,41,45,37,6,47,35,22,32,8,10,72,6,19,1,59,5,54,44,2
55,41,45,37,6,47,35,22,32,8,10,72,6,19,1,59,5,54,44,6,2
41,45,37,6,47,35,22,32,8,10,72,6,19,1,59,5,54,44,6,14,2
45,37,6,47,35,22,32,8,10,72,6,19,1,59,5,54,44,6,14,27,2
37,6,47,35,22,32,8,10,72,6,19,1,59,5,54,44,6,14,27,23,2
6,47,35,22,32,8,10,72,6,19,1,59,5,54,44,6,14,27,23,25,2
47,35,22,32,8,10,72,6,19,1,59,5,54,44,6,14,27,23,25,32,2
35,22,32,8,10,72,6,19,1,59,5,54,44,6,14,27,23,25,32,8,2
22,32,8,10,72,6,19,1,59,5,54,44,6,14,27,23,25,32,8,10,2
32,8,10,72,6,19,1,59,5,54,44,6,14,27,23,25,32,8,10,59,2
8,10,72,6,19,1,59,5,54,44,6,14,27,23,25,32,8,10,59,14,2
10,72,6,19,1,59,5,54,44,6,14,27,23,25,32,8,10,59,14,38,2
72,6,19,1,59,5,54,44,6,14,27,23,25,32,8,10,59,14,38,27,2
6,19,1,59,5,54,44,6,14,27,23,25,32,8,10,59,14,38,27,24,2
19,1,59,5,54,44,6,14,27,23,25,32,8,10,59,14,38,27,24,25,2
1,59,5,54,44,6,14,27,23,25,32,8,10,59,14,38,27,24,25,32,2
59,5,54,44,6,14,27,23,25,32,8,10,59,14,38,27,24,25,32,8,2
5,54,44,6,14,27,23,25,32,8,10,59,14,38,27,24,25,32,8,10,2
54,44,6,14,27,23,25,32,8,10,59,14,38,27,24,25,32,8,10,72,2
44,6,14,27,23,25,32,8,10,59,14,38,27,24,25,32,8,10,72,6,2
6,14,27,23,25,32,8,10,59,14,38,27,24,25,32,8,10,72,6,19,2
14,27,23,25,32,8,10,59,14,38,27,24,25,32,8,10,72,6,19,4,2
27,23,25,32,8,10,59,14,38,27,24,25,32,8,10,72,6,19,4,8,2
23,25,32,8,10,59,14,38,27,24,25,32,8,10,72,6,19,4,8,44,2
25,32,8,10,59,14,38,27,24,25,32,8,10,72,6,19,4,8,44,59,2
32,8,10,59,14,38,27,24,25,32,8,10,72,6,19,4,8,44,59,40,2
8,10,59,14,38,27,24,25,32,8,10,72,6,19,4,8,44,59,40,54,2
10,59,14,38,27,24,25,32,8,10,72,6,19,4,8,44,59,40,54,44,2
59,14,38,27,24,25,32,8,10,72,6,19,4,8,44,59,40,54,44,6,2
14,38,27,24,25,32,8,10,72,6,19,4,8,44,59,40,54,44,6,11,2
38,27,24,25,32,8,10,72,6,19,4,8,44,59,40,54,44,6,11,24,2
27,24,25,32,8,10,72,6,19,4,8,44,59,40,54,44,6,11,24,34,2
24,25,32,8,10,72,6,19,4,8,44,59,40,54,44,6,11,24,34,32,2
25,32,8,10,72,6,19,4,8,44,59,40,54,44,6,11,24,34,32,8,2
32,8,10,72,6,19,4,8,44,59,40,54,44,6,11,24,34,32,8,10,2
8,10,72,6,19,4,8,44,59,40,54,44,6,11,24,34,32,8,10,72,2
10,72,6,19,4,8,44,59,40,54,44,6,11,24,34,32,8,10,72,6,2
72,6,19,4,8,44,59,40,54,44,6,11,24,34,32,8,10,72,6,19,2
6,19,4,8,44,59,40,54,44,6,11,24,34,32,8,10,72,6,19,4,2
19,4,8,44,59,40,54,44,6,11,24,34,32,8,10,72,6,19,4,8,2
4,8,44,59,40,54,44,6,11,24,34,32,8,10,72,6,19,4,8,44,2
8,44,59,40,54,44,6,11,24,34,32,8,10,72,6,19,4,8,44,59,2
44,59,40,54,44,6,11,24,34,32,8,10,72,6,19,4,8,44,59,18,2
59,40,54,44,6,11,24,34,32,8,10,72,6,19,4,8,44,59,18,54,2
40,54,44,6,11,24,34,32,8,10,72,6,19,4,8,44,59,18,54,44,2
54,44,6,11,24,34,32,8,10,72,6,19,4,8,44,59,18,54,44,6,2
44,6,11,24,34,32,8,10,72,6,19,4,8,44,59,18,54,44,6,37,2
6,11,24,34,32,8,10,72,6,19,4,8,44,59,18,54,44,6,37,8,2
11,24,34,32,8,10,72,6,19,4,8,44,59,18,54,44,6,37,8,9,2
24,34,32,8,10,72,6,19,4,8,44,59,18,54,44,6,37,8,9,27,2
34,32,8,10,72,6,19,4,8,44,59,18,54,44,6,37,8,9,27,24,2
32,8,10,72,6,19,4,8,44,59,18,54,44,6,37,8,9,27,24,32,2
8,10,72,6,19,4,8,44,59,18,54,44,6,37,8,9,27,24,32,8,2
10,72,6,19,4,8,44,59,18,54,44,6,37,8,9,27,24,32,8,10,2
72,6,19,4,8,44,59,18,54,44,6,37,8,9,27,24,32,8,10,72,2
6,19,4,8,44,59,18,54,44,6,37,8,9,27,24,32,8,10,72,6,2
19,4,8,44,59,18,54,44,6,37,8,9,27,24,32,8,10,72,6,19,2
4,8,44,59,18,54,44,6,37,8,9,27,24,32,8,10,72,6,19,4,2
8,44,59,18,54,44,6,37,8,9,27,24,32,8,10,72,6,19,4,8,2
44,59,18,54,44,6,37,8,9,27,24,32,8,10,72,6,19,4,8,44,2
59,18,54,44,6,37,8,9,27,24,32,8,10,72,6,19,4,8,44,59,2
18,54,44,6,37,8,9,27,24,32,8,10,72,6,19,4,8,44,59,5,2
54,44,6,37,8,9,27,24,32,8,10,72,6,19,4,8,44,59,5,54,2
44,6,37,8,9,27,24,32,8,10,72,6,19,4,8,44,59,5,54,44,2
6,37,8,9,27,24,32,8,10,72,6,19,4,8,44,59,5,54,44,6,2
37,8,9,27,24,32,8,10,72,6,19,4,8,44,59,5,54,44,6,37,2
8,9,27,24,32,8,10,72,6,19,4,8,44,59,5,54,44,6,37,27,2
9,27,24,32,8,10,72,6,19,4,8,44,59,5,54,44,6,37,27,22,2
27,24,32,8,10,72,6,19,4,8,44,59,5,54,44,6,37,27,22,32,2
24,32,8,10,72,6,19,4,8,44,59,5,54,44,6,37,27,22,32,8,2
32,8,10,72,6,19,4,8,44,59,5,54,44,6,37,27,22,32,8,10,2
8,10,72,6,19,4,8,44,59,5,54,44,6,37,27,22,32,8,10,72,2
10,72,6,19,4,8,44,59,5,54,44,6,37,27,22,32,8,10,72,6,2
72,6,19,4,8,44,59,5,54,44,6,37,27,22,32,8,10,72,6,19,2
6,19,4,8,44,59,5,54,44,6,37,27,22,32,8,10,72,6,19,1,2
19,4,8,44,59,5,54,44,6,37,27,22,32,8,10,72,6,19,1,59,2
4,8,44,59,5,54,44,6,37,27,22,32,8,10,72,6,19,1,59,5,2
8,44,59,5,54,44,6,37,27,22,32,8,10,72,6,19,1,59,5,54,2
44,59,5,54,44,6,37,27,22,32,8,10,72,6,19,1,59,5,54,44,2
59,5,54,44,6,37,27,22,32,8,10,72,6,19,1,59,5,54,44,6,2
5,54,44,6,37,27,22,32,8,10,72,6,19,1,59,5,54,44,6,36,2
54,44,6,37,27,22,32,8,10,72,6,19,1,59,5,54,44,6,36,55,2
44,6,37,27,22,32,8,10,72,6,19,1,59,5,54,44,6,36,55,20,2
6,37,27,22,32,8,10,72,6,19,1,59,5,54,44,6,36,55,20,14,2
37,27,22,32,8,10,72,6,19,1,59,5,54,44,6,36,55,20,14,49,2
27,22,32,8,10,72,6,19,1,59,5,54,44,6,36,55,20,14,49,36,2
22,32,8,10,72,6,19,1,59,5,54,44,6,36,55,20,14,49,36,14,2
32,8,10,72,6,19,1,59,5,54,44,6,36,55,20,14,49,36,14,6,2
8,10,72,6,19,1,59,5,54,44,6,36,55,20,14,49,36,14,6,41,2
10,72,6,19,1,59,5,54,44,6,36,55,20,14,49,36,14,6,41,37,2
72,6,19,1,59,5,54,44,6,36,55,20,14,49,36,14,6,41,37,6,2
6,19,1,59,5,54,44,6,36,55,20,14,49,36,14,6,41,37,6,25,2
19,1,59,5,54,44,6,36,55,20,14,49,36,14,6,41,37,6,25,23,2
1,59,5,54,44,6,36,55,20,14,49,36,14,6,41,37,6,25,23,22,2
59,5,54,44,6,36,55,20,14,49,36,14,6,41,37,6,25,23,22,32,2
5,54,44,6,36,55,20,14,49,36,14,6,41,37,6,25,23,22,32,6,2
54,44,6,36,55,20,14,49,36,14,6,41,37,6,25,23,22,32,6,27,2
44,6,36,55,20,14,49,36,14,6,41,37,6,25,23,22,32,6,27,25,2
6,36,55,20,14,49,36,14,6,41,37,6,25,23,22,32,6,27,25,6,2
36,55,20,14,49,36,14,6,41,37,6,25,23,22,32,6,27,25,6,8,2
55,20,14,49,36,14,6,41,37,6,25,23,22,32,6,27,25,6,8,22,2
20,14,49,36,14,6,41,37,6,25,23,22,32,6,27,25,6,8,22,6,2
14,49,36,14,6,41,37,6,25,23,22,32,6,27,25,6,8,22,6,23,2
49,36,14,6,41,37,6,25,23,22,32,6,27,25,6,8,22,6,23,44,2
36,14,6,41,37,6,25,23,22,32,6,27,25,6,8,22,6,23,44,8,2
14,6,41,37,6,25,23,22,32,6,27,25,6,8,22,6,23,44,8,34,2
6,41,37,6,25,23,22,32,6,27,25,6,8,22,6,23,44,8,34,29,2
41,37,6,25,23,22,32,6,27,25,6,8,22,6,23,44,8,34,29,6,2
37,6,25,23,22,32,6,27,25,6,8,22,6,23,44,8,34,29,6,75,2
6,25,23,22,32,6,27,25,6,8,22,6,23,44,8,34,29,6,75,1,2
25,23,22,32,6,27,25,6,8,22,6,23,44,8,34,29,6,75,1,4,2
23,22,32,6,27,25,6,8,22,6,23,44,8,34,29,6,75,1,4,5,2
22,32,6,27,25,6,8,22,6,23,44,8,34,29,6,75,1,4,5,76,2
32,6,27,25,6,8,22,6,23,44,8,34,29,6,75,1,4,5,76,6,2
6,27,25,6,8,22,6,23,44,8,34,29,6,75,1,4,5,76,6,40,2
27,25,6,8,22,6,23,44,8,34,29,6,75,1,4,5,76,6,40,18,2
25,6,8,22,6,23,44,8,34,29,6,75,1,4,5,76,6,40,18,5,2
6,8,22,6,23,44,8,34,29,6,75,1,4,5,76,6,40,18,5,59,2
8,22,6,23,44,8,34,29,6,75,1,4,5,76,6,40,18,5,59,18,2
22,6,23,44,8,34,29,6,75,1,4,5,76,6,40,18,5,59,18,3,2
6,23,44,8,34,29,6,75,1,4,5,76,6,40,18,5,59,18,3,18,2
23,44,8,34,29,6,75,1,4,5,76,6,40,18,5,59,18,3,18,4,2
44,8,34,29,6,75,1,4,5,76,6,40,18,5,59,18,3,18,4,6,2
8,34,29,6,75,1,4,5,76,6,40,18,5,59,18,3,18,4,6,49,2
34,29,6,75,1,4,5,76,6,40,18,5,59,18,3,18,4,6,49,22,2
29,6,75,1,4,5,76,6,40,18,5,59,18,3,18,4,6,49,22,35,2
6,75,1,4,5,76,6,40,18,5,59,18,3,18,4,6,49,22,35,9,2
75,1,4,5,76,6,40,18,5,59,18,3,18,4,6,49,22,35,9,38,2
1,4,5,76,6,40,18,5,59,18,3,18,4,6,49,22,35,9,38,23,2
4,5,76,6,40,18,5,59,18,3,18,4,6,49,22,35,9,38,23,24,2
5,76,6,40,18,5,59,18,3,18,4,6,49,22,35,9,38,23,24,6,2
76,6,40,18,5,59,18,3,18,4,6,49,22,35,9,38,23,24,6,57,2
6,40,18,5,59,18,3,18,4,6,49,22,35,9,38,23,24,6,57,24,2
40,18,5,59,18,3,18,4,6,49,22,35,9,38,23,24,6,57,24,23,2
18,5,59,18,3,18,4,6,49,22,35,9,38,23,24,6,57,24,23,8,2
5,59,18,3,18,4,6,49,22,35,9,38,23,24,6,57,24,23,8,9,2
59,18,3,18,4,6,49,22,35,9,38,23,24,6,57,24,23,8,9,34,2
18,3,18,4,6,49,22,35,9,38,23,24,6,57,24,23,8,9,34,31,2
3,18,4,6,49,22,35,9,38,23,24,6,57,24,23,8,9,34,31,23,2
18,4,6,49,22,35,9,38,23,24,6,57,24,23,8,9,34,31,23,6,2
4,6,49,22,35,9,38,23,24,6,57,24,23,8,9,34,31,23,6,12,2
6,49,22,35,9,38,23,24,6,57,24,23,8,9,34,31,23,6,12,23,2
49,22,35,9,38,23,24,6,57,24,23,8,9,34,31,23,6,12,23,46,2
22,35,9,38,23,24,6,57,24,23,8,9,34,31,23,6,12,23,46,25,2
35,9,38,23,24,6,57,24,23,8,9,34,31,23,6,12,23,46,25,34,2
9,38,23,24,6,57,24,23,8,9,34,31,23,6,12,23,46,25,34,9,2
38,23,24,6,57,24,23,8,9,34,31,23,6,12,23,46,25,34,9,23,2
23,24,6,57,24,23,8,9,34,31,23,6,12,23,46,25,34,9,23,6,2
24,6,57,24,23,8,9,34,31,23,6,12,23,46,25,34,9,23,6,32,2
6,57,24,23,8,9,34,31,23,6,12,23,46,25,34,9,23,6,32,23,2
57,24,23,8,9,34,31,23,6,12,23,46,25,34,9,23,6,32,23,25,2
24,23,8,9,34,31,23,6,12,23,46,25,34,9,23,6,32,23,25,34,2
23,8,9,34,31,23,6,12,23,46,25,34,9,23,6,32,23,25,34,43,2
8,9,34,31,23,6,12,23,46,25,34,9,23,6,32,23,25,34,43,22,2
9,34,31,23,6,12,23,46,25,34,9,23,6,32,23,25,34,43,22,6,2
34,31,23,6,12,23,46,25,34,9,23,6,32,23,25,34,43,22,6,46,2
31,23,6,12,23,46,25,34,9,23,6,32,23,25,34,43,22,6,46,10,2
23,6,12,23,46,25,34,9,23,6,32,23,25,34,43,22,6,46,10,6,2
6,12,23,46,25,34,9,23,6,32,23,25,34,43,22,6,46,10,6,26,2
12,23,46,25,34,9,23,6,32,23,25,34,43,22,6,46,10,6,26,51,2
23,46,25,34,9,23,6,32,23,25,34,43,22,6,46,10,6,26,51,53,2
46,25,34,9,23,6,32,23,25,34,43,22,6,46,10,6,26,51,53,6,2
25,34,9,23,6,32,23,25,34,43,22,6,46,10,6,26,51,53,6,47,2
34,9,23,6,32,23,25,34,43,22,6,46,10,6,26,51,53,6,47,23,2
9,23,6,32,23,25,34,43,22,6,46,10,6,26,51,53,6,47,23,32,2
23,6,32,23,25,34,43,22,6,46,10,6,26,51,53,6,47,23,32,34,2
6,32,23,25,34,43,22,6,46,10,6,26,51,53,6,47,23,32,34,8,2
32,23,25,34,43,22,6,46,10,6,26,51,53,6,47,23,32,34,8,6,2
23,25,34,43,22,6,46,10,6,26,51,53,6,47,23,32,34,8,6,68,2
25,34,43,22,6,46,10,6,26,51,53,6,47,23,32,34,8,6,68,6,2
34,43,22,6,46,10,6,26,51,53,6,47,23,32,34,8,6,68,6,30,2
43,22,6,46,10,6,26,51,53,6,47,23,32,34,8,6,68,6,30,23,2
22,6,46,10,6,26,51,53,6,47,23,32,34,8,6,68,6,30,23,25,2
6,46,10,6,26,51,53,6,47,23,32,34,8,6,68,6,30,23,25,34,2
46,10,6,26,51,53,6,47,23,32,34,8,6,68,6,30,23,25,34,43,2
10,6,26,51,53,6,47,23,32,34,8,6,68,6,30,23,25,34,43,22,2
6,26,51,53,6,47,23,32,34,8,6,68,6,30,23,25,34,43,22,66,2
26,51,53,6,47,23,32,34,8,6,68,6,30,23,25,34,43,22,66,6,2
51,53,6,47,23,32,34,8,6,68,6,30,23,25,34,43,22,66,6,73,2
53,6,47,23,32,34,8,6,68,6,30,23,25,34,43,22,66,6,73,1,2
6,47,23,32,34,8,6,68,6,30,23,25,34,43,22,66,6,73,1,4,2
47,23,32,34,8,6,68,6,30,23,25,34,43,22,66,6,73,1,4,19,2
23,32,34,8,6,68,6,30,23,25,34,43,22,66,6,73,1,4,19,2,2
32,34,8,6,68,6,30,23,25,34,43,22,66,6,73,1,4,19,2,59,2
34,8,6,68,6,30,23,25,34,43,22,66,6,73,1,4,19,2,59,1,2
8,6,68,6,30,23,25,34,43,22,66,6,73,1,4,19,2,59,1,4,2
6,68,6,30,23,25,34,43,22,66,6,73,1,4,19,2,59,1,4,19,2
68,6,30,23,25,34,43,22,66,6,73,1,4,19,2,59,1,4,19,3,2
6,30,23,25,34,43,22,66,6,73,1,4,19,2,59,1,4,19,3,66,2
30,23,25,34,43,22,66,6,73,1,4,19,2,59,1,4,19,3,66,6,2
23,25,34,43,22,66,6,73,1,4,19,2,59,1,4,19,3,66,6,49,2
25,34,43,22,66,6,73,1,4,19,2,59,1,4,19,3,66,6,49,29,2
34,43,22,66,6,73,1,4,19,2,59,1,4,19,3,66,6,49,29,29,2
43,22,66,6,73,1,4,19,2,59,1,4,19,3,66,6,49,29,29,6,2
22,66,6,73,1,4,19,2,59,1,4,19,3,66,6,49,29,29,6,45,2
66,6,73,1,4,19,2,59,1,4,19,3,66,6,49,29,29,6,45,34,2
6,73,1,4,19,2,59,1,4,19,3,66,6,49,29,29,6,45,34,43,2
73,1,4,19,2,59,1,4,19,3,66,6,49,29,29,6,45,34,43,38,2
1,4,19,2,59,1,4,19,3,66,6,49,29,29,6,45,34,43,38,9,2
4,19,2,59,1,4,19,3,66,6,49,29,29,6,45,34,43,38,9,25,2
19,2,59,1,4,19,3,66,6,49,29,29,6,45,34,43,38,9,25,6,2
2,59,1,4,19,3,66,6,49,29,29,6,45,34,43,38,9,25,6,45,2
59,1,4,19,3,66,6,49,29,29,6,45,34,43,38,9,25,6,45,23,2
1,4,19,3,66,6,49,29,29,6,45,34,43,38,9,25,6,45,23,25,2
4,19,3,66,6,49,29,29,6,45,34,43,38,9,25,6,45,23,25,23,2
19,3,66,6,49,29,29,6,45,34,43,38,9,25,6,45,23,25,23,24,2
3,66,6,49,29,29,6,45,34,43,38,9,25,6,45,23,25,23,24,31,2
66,6,49,29,29,6,45,34,43,38,9,25,6,45,23,25,23,24,31,23,2
6,49,29,29,6,45,34,43,38,9,25,6,45,23,25,23,24,31,23,32,2
49,29,29,6,45,34,43,38,9,25,6,45,23,25,23,24,31,23,32,66,2
29,29,6,45,34,43,38,9,25,6,45,23,25,23,24,31,23,32,66,6,2
29,6,45,34,43,38,9,25,6,45,23,25,23,24,31,23,32,66,6,41,2
6,45,34,43,38,9,25,6,45,23,25,23,24,31,23,32,66,6,41,25,2
45,34,43,38,9,25,6,45,23,25,23,24,31,23,32,66,6,41,25,23,2
34,43,38,9,25,6,45,23,25,23,24,31,23,32,66,6,41,25,23,24,2
43,38,9,25,6,45,23,25,23,24,31,23,32,66,6,41,25,23,24,22,2
38,9,25,6,45,23,25,23,24,31,23,32,66,6,41,25,23,24,22,8,2
9,25,6,45,23,25,23,24,31,23,32,66,6,41,25,23,24,22,8,44,2
25,6,45,23,25,23,24,31,23,32,66,6,41,25,23,24,22,8,44,23,2
6,45,23,25,23,24,31,23,32,66,6,41,25,23,24,22,8,44,23,6,2
45,23,25,23,24,31,23,32,66,6,41,25,23,24,22,8,44,23,6,35,2
23,25,23,24,31,23,32,66,6,41,25,23,24,22,8,44,23,6,35,24,2
25,23,24,31,23,32,66,6,41,25,23,24,22,8,44,23,6,35,24,6,2
23,24,31,23,32,66,6,41,25,23,24,22,8,44,23,6,35,24,6,50,2
24,31,23,32,66,6,41,25,23,24,22,8,44,23,6,35,24,6,50,44,2
31,23,32,66,6,41,25,23,24,22,8,44,23,6,35,24,6,50,44,8,2
23,32,66,6,41,25,23,24,22,8,44,23,6,35,24,6,50,44,8,34,2
32,66,6,41,25,23,24,22,8,44,23,6,35,24,6,50,44,8,34,29,2
66,6,41,25,23,24,22,8,44,23,6,35,24,6,50,44,8,34,29,6,2
6,41,25,23,24,22,8,44,23,6,35,24,6,50,44,8,34,29,6,49,2
41,25,23,24,22,8,44,23,6,35,24,6,50,44,8,34,29,6,49,32,2
25,23,24,22,8,44,23,6,35,24,6,50,44,8,34,29,6,49,32,32,2
23,24,22,8,44,23,6,35,24,6,50,44,8,34,29,6,49,32,32,24,2
24,22,8,44,23,6,35,24,6,50,44,8,34,29,6,49,32,32,24,23,2
22,8,44,23,6,35,24,6,50,44,8,34,29,6,49,32,32,24,23,25,2
8,44,23,6,35,24,6,50,44,8,34,29,6,49,32,32,24,23,25,25,2
44,23,6,35,24,6,50,44,8,34,29,6,49,32,32,24,23,25,25,6,2
23,6,35,24,6,50,44,8,34,29,6,49,32,32,24,23,25,25,6,53,2
6,35,24,6,50,44,8,34,29,6,49,32,32,24,23,25,25,6,53,8,2
35,24,6,50,44,8,34,29,6,49,32,32,24,23,25,25,6,53,8,25,2
24,6,50,44,8,34,29,6,49,32,32,24,23,25,25,6,53,8,25,25,2
6,50,44,8,34,29,6,49,32,32,24,23,25,25,6,53,8,25,25,12,2
50,44,8,34,29,6,49,32,32,24,23,25,25,6,53,8,25,25,12,35,2
44,8,34,29,6,49,32,32,24,23,25,25,6,53,8,25,25,12,35,24,2
8,34,29,6,49,32,32,24,23,25,25,6,53,8,25,25,12,35,24,32,2
34,29,6,49,32,32,24,23,25,25,6,53,8,25,25,12,35,24,32,6,2
29,6,49,32,32,24,23,25,25,6,53,8,25,25,12,35,24,32,6,45,2
6,49,32,32,24,23,25,25,6,53,8,25,25,12,35,24,32,6,45,23,2
49,32,32,24,23,25,25,6,53,8,25,25,12,35,24,32,6,45,23,44,2
32,32,24,23,25,25,6,53,8,25,25,12,35,24,32,6,45,23,44,23,2
32,24,23,25,25,6,53,8,25,25,12,35,24,32,6,45,23,44,23,44,2
24,23,25,25,6,53,8,25,25,12,35,24,32,6,45,23,44,23,44,46,2
23,25,25,6,53,8,25,25,12,35,24,32,6,45,23,44,23,44,46,23,2
25,25,6,53,8,25,25,12,35,24,32,6,45,23,44,23,44,46,23,24,2
25,6,53,8,25,25,12,35,24,32,6,45,23,44,23,44,46,23,24,6,2
6,53,8,25,25,12,35,24,32,6,45,23,44,23,44,46,23,24,6,47,2
53,8,25,25,12,35,24,32,6,45,23,44,23,44,46,23,24,6,47,23,2
8,25,25,12,35,24,32,6,45,23,44,23,44,46,23,24,6,47,23,6,2
25,25,12,35,24,32,6,45,23,44,23,44,46,23,24,6,47,23,6,42,2
25,12,35,24,32,6,45,23,44,23,44,46,23,24,6,47,23,6,42,35,2
12,35,24,32,6,45,23,44,23,44,46,23,24,6,47,23,6,42,35,44,2
35,24,32,6,45,23,44,23,44,46,23,24,6,47,23,6,42,35,44,23,2
24,32,6,45,23,44,23,44,46,23,24,6,47,23,6,42,35,44,23,6,2
32,6,45,23,44,23,44,46,23,24,6,47,23,6,42,35,44,23,6,49,2
6,45,23,44,23,44,46,23,24,6,47,23,6,42,35,44,23,6,49,46,2
45,23,44,23,44,46,23,24,6,47,23,6,42,35,44,23,6,49,46,35,2
23,44,23,44,46,23,24,6,47,23,6,42,35,44,23,6,49,46,35,27,2
44,23,44,46,23,24,6,47,23,6,42,35,44,23,6,49,46,35,27,9,2
23,44,46,23,24,6,47,23,6,42,35,44,23,6,49,46,35,27,9,6,2
44,46,23,24,6,47,23,6,42,35,44,23,6,49,46,35,27,9,6,41,2
46,23,24,6,47,23,6,42,35,44,23,6,49,46,35,27,9,6,41,25,2
23,24,6,47,23,6,42,35,44,23,6,49,46,35,27,9,6,41,25,6,2
24,6,47,23,6,42,35,44,23,6,49,46,35,27,9,6,41,25,6,37,2
6,47,23,6,42,35,44,23,6,49,46,35,27,9,6,41,25,6,37,23,2
47,23,6,42,35,44,23,6,49,46,35,27,9,6,41,25,6,37,23,24,2
23,6,42,35,44,23,6,49,46,35,27,9,6,41,25,6,37,23,24,31,2
6,42,35,44,23,6,49,46,35,27,9,6,41,25,6,37,23,24,31,34,2
42,35,44,23,6,49,46,35,27,9,6,41,25,6,37,23,24,31,34,57,2
35,44,23,6,49,46,35,27,9,6,41,25,6,37,23,24,31,34,57,23,2
44,23,6,49,46,35,27,9,6,41,25,6,37,23,24,31,34,57,23,25,2
23,6,49,46,35,27,9,6,41,25,6,37,23,24,31,34,57,23,25,6,2
6,49,46,35,27,9,6,41,25,6,37,23,24,31,34,57,23,25,6,58,2
49,46,35,27,9,6,41,25,6,37,23,24,31,34,57,23,25,6,58,8,2
46,35,27,9,6,41,25,6,37,23,24,31,34,57,23,25,6,58,8,29,2
35,27,9,6,41,25,6,37,23,24,31,34,57,23,25,6,58,8,29,29,2
27,9,6,41,25,6,37,23,24,31,34,57,23,25,6,58,8,29,29,23,2
9,6,41,25,6,37,23,24,31,34,57,23,25,6,58,8,29,29,23,24,2
6,41,25,6,37,23,24,31,34,57,23,25,6,58,8,29,29,23,24,10,2
41,25,6,37,23,24,31,34,57,23,25,6,58,8,29,29,23,24,10,6,2
25,6,37,23,24,31,34,57,23,25,6,58,8,29,29,23,24,10,6,45,2
6,37,23,24,31,34,57,23,25,6,58,8,29,29,23,24,10,6,45,23,2
37,23,24,31,34,57,23,25,6,58,8,29,29,23,24,10,6,45,23,31,2
23,24,31,34,57,23,25,6,58,8,29,29,23,24,10,6,45,23,31,34,2
24,31,34,57,23,25,6,58,8,29,29,23,24,10,6,45,23,31,34,23,2
31,34,57,23,25,6,58,8,29,29,23,24,10,6,45,23,31,34,23,12,2
34,57,23,25,6,58,8,29,29,23,24,10,6,45,23,31,34,23,12,25,2
57,23,25,6,58,8,29,29,23,24,10,6,45,23,31,34,23,12,25,6,2
23,25,6,58,8,29,29,23,24,10,6,45,23,31,34,23,12,25,6,36,2
25,6,58,8,29,29,23,24,10,6,45,23,31,34,23,12,25,6,36,35,2
6,58,8,29,29,23,24,10,6,45,23,31,34,23,12,25,6,36,35,22,2
58,8,29,29,23,24,10,6,45,23,31,34,23,12,25,6,36,35,22,9,2
8,29,29,23,24,10,6,45,23,31,34,23,12,25,6,36,35,22,9,8,2
29,29,23,24,10,6,45,23,31,34,23,12,25,6,36,35,22,9,8,57,2
29,23,24,10,6,45,23,31,34,23,12,25,6,36,35,22,9,8,57,9,2
23,24,10,6,45,23,31,34,23,12,25,6,36,35,22,9,8,57,9,6,2
24,10,6,45,23,31,34,23,12,25,6,36,35,22,9,8,57,9,6,41,2
10,6,45,23,31,34,23,12,25,6,36,35,22,9,8,57,9,6,41,25,2
